feature,source_column_1based,builtin_importance,permutation_AP_loss,permutation_shuffle_SD,builtin_rank,permutation_rank,shuffle_rank_min,shuffle_rank_max,top20_shuffles,missing_pct,observed_tukey_outlier_pct,distinct_observed_values,pass_missing_pct,pass_observed_n,pass_q1,pass_median,pass_q3,fail_missing_pct,fail_observed_n,fail_q1,fail_median,fail_q3
measurement_511,511,0.028628634048313877,0.014816657623083951,0.002945148462164205,2,1,1,1,5,0.1596169193934557,5.755395683453238,1210.0,0.17094017094017094,1168.0,35.22685,46.1825,63.337925,0.0,83.0,46.597750000000005,60.8414,89.70165
measurement_131,131,0.02709256973293455,0.007130305735636289,0.003494723882261097,3,2,2,4,5,0.6384676775738228,0.24096385542168677,300.0,0.6837606837606838,1162.0,0.6848,0.7536,0.8121,0.0,83.0,0.7171,0.7692,0.821
measurement_104,104,0.023494767271655257,0.004894398092802454,0.001487144428765701,4,3,2,7,5,0.1596169193934557,1.6786570743405276,148.0,0.17094017094017094,1168.0,-0.0119,-0.0101,-0.0084,0.0,83.0,-0.0105,-0.008,-0.0057
measurement_126,126,0.009958286803954825,0.00448397322686338,0.0023421384969814574,12,4,2,19,5,0.6384676775738228,2.248995983935743,153.0,0.6837606837606838,1162.0,0.9791,1.154,1.35575,0.0,83.0,0.9412499999999999,1.097,1.239
measurement_472,472,0.004734280089015677,0.0034708315432919966,0.00042609066162416817,46,5,4,9,5,0.3192338387869114,11.369095276220976,1244.0,0.3418803418803419,1166.0,5.774825,7.402699999999999,9.680824999999999,0.0,83.0,6.0115,7.5116,9.8481
measurement_034,34,0.014337755200628612,0.0033043032981864727,0.0021225778393542814,7,6,3,76,3,0.0,3.830806065442937,323.0,0.0,1170.0,8.5788,8.77,9.043,0.0,83.0,8.659,8.8356,9.1855
measurement_548,548,0.006498814551934388,0.002863480309396671,0.001255685508167362,27,7,3,53,3,16.839584996009577,1.1516314779270633,832.0,16.666666666666664,975.0,400.717,403.138,407.475,19.27710843373494,67.0,400.814,405.532,407.464
measurement_417,417,0.0030577879286595223,0.002685127195071413,0.000496397384831405,85,8,8,17,5,0.6384676775738228,1.285140562248996,470.0,0.6837606837606838,1162.0,2.6741,3.2358000000000002,4.0224,0.0,83.0,2.564,3.0361,3.8668
measurement_082,82,0.002981257011235169,0.0025363570635739572,0.0006792862067075485,91,9,10,26,3,1.7557861133280128,9.991876523151909,524.0,1.8803418803418803,1148.0,-0.027425,-0.0196,-0.012074999999999999,0.0,83.0,-0.025750000000000002,-0.0193,-0.007350000000000001
measurement_133,133,0.004044643656735642,0.002532279563624584,0.0009273010089443942,62,10,8,54,4,0.5586592178770949,0.16051364365971107,297.0,0.5982905982905984,1163.0,2.27655,2.3099,2.3524,0.0,83.0,2.2771999999999997,2.3167,2.3619
measurement_127,127,0.0073352292188540785,0.0024978052807125505,0.0018142650793372878,23,11,6,146,3,0.6384676775738228,2.891566265060241,266.0,0.6837606837606838,1162.0,2.563,2.734,2.868,0.0,83.0,2.622,2.768,2.938
measurement_200,200,0.00319726192912445,0.0023359182419670165,0.00047027083440710895,81,12,10,28,3,0.3192338387869114,10.808646917534027,809.0,0.3418803418803419,1166.0,6.72,8.58,11.467500000000001,0.0,83.0,7.119999999999999,8.62,11.235
measurement_003,3,0.006569775501562636,0.0022632495603440495,0.0007370820810137333,26,13,9,51,3,0.8778930566640064,2.0128824476650564,466.0,0.9401709401709402,1159.0,2183.2055499999997,2201.5777,2218.5778,0.0,83.0,2173.4556,2196.1111,2214.27225
measurement_564,564,0.007607639066601943,0.002173120381370097,0.0021852720033782255,20,14,5,118,1,17.557861133280127,0.48402710551790895,649.0,17.094017094017094,970.0,0.5671,0.6505000000000001,0.77395,24.096385542168676,63.0,0.5671,0.6575,0.72885
measurement_341,341,0.0030089781571766253,0.0021460700345539373,0.0007885409802407777,89,15,9,64,2,0.3192338387869114,8.726981585268215,674.0,0.3418803418803419,1166.0,0.0344,0.0456,0.0646,0.0,83.0,0.03605,0.0544,0.07569999999999999
measurement_540,540,0.004063934631039744,0.0020459906750403658,0.00032595390218206606,61,16,16,34,2,0.5586592178770949,0.0,323.0,0.5982905982905984,1163.0,1.8937499999999998,3.0869,3.9418,0.0,83.0,1.6126,3.0097,3.9272
measurement_296,296,0.004779134195729807,0.0020239633742867636,0.0007077364785164496,44,17,8,41,1,0.1596169193934557,4.7162270183852915,1249.0,0.08547008547008547,1169.0,129.2813,196.8847,272.9669,1.2048192771084338,82.0,162.8462,231.5179,298.07912500000003
measurement_418,418,0.004693298987105728,0.001979921094354653,0.0014106224595788728,49,18,3,203,3,0.1596169193934557,7.5139888089528375,1243.0,0.17094017094017094,1168.0,5.76695,7.4102,9.20585,0.0,83.0,5.2537,6.7334,8.29195
measurement_456,456,0.00694907287573393,0.0019290743986370763,0.0016928310902382504,24,19,6,210,3,0.07980845969672785,0.23961661341853036,1225.0,0.08547008547008547,1169.0,2.9106,3.7545,4.3665,0.0,83.0,3.1045499999999997,4.1434,4.45595
measurement_204,204,0.006291683383298909,0.0019264224791141426,0.0010587476126618404,29,20,5,170,3,0.3192338387869114,1.120896717373899,1209.0,0.3418803418803419,1166.0,24.94975,30.173499999999997,33.35275,0.0,83.0,24.4875,31.699,35.275
measurement_429,429,0.005435540823653073,0.0018846413061390122,0.0012282737129393243,38,21,9,210,1,0.5586592178770949,5.21669341894061,382.0,0.5128205128205128,1164.0,1.984125,2.5341,3.633,1.2048192771084338,82.0,2.2287749999999997,3.2028,4.0752749999999995
measurement_424,424,0.0019663858094083526,0.0017590105702689706,0.0006204992138843326,150,22,18,64,1,0.1596169193934557,3.1974420463629096,1251.0,0.17094017094017094,1168.0,55.239575,70.0318,92.247725,0.0,83.0,57.4337,72.8974,105.38650000000001
measurement_461,461,0.006072290355761219,0.001746338572495909,0.0009459278271352067,31,23,12,108,2,0.07980845969672785,3.5143769968051117,1251.0,0.08547008547008547,1169.0,19.8777,26.1184,35.2892,0.0,83.0,23.76775,28.9045,38.237350000000006
measurement_165,165,0.0030574307582426708,0.001739561474124729,0.0006458527044075678,86,24,15,90,1,0.1596169193934557,3.1974420463629096,202.0,0.08547008547008547,1169.0,0.069,0.09,0.117,1.2048192771084338,82.0,0.0725,0.096,0.123
measurement_557,557,0.004014033387760349,0.001738988659944618,0.0008919558438761967,63,25,11,115,2,16.839584996009577,1.2476007677543186,865.0,16.666666666666664,975.0,3.6251,4.0671,4.680400000000001,19.27710843373494,67.0,3.6251,4.0949,4.93225
measurement_567,567,0.0011789759569911244,0.0017323727915950383,0.0006603842981729288,227,26,17,91,2,17.557861133280127,5.227492739593417,716.0,17.094017094017094,970.0,2.0902,2.1596,3.091,24.096385542168676,63.0,2.0902,2.1214,3.47235
measurement_425,425,0.002014458724504452,0.0017314546717035473,0.0007759586347934282,146,27,16,95,1,0.1596169193934557,1.9984012789768184,1228.0,0.17094017094017094,1168.0,1.972375,2.66385,3.4545,0.0,83.0,1.8567,2.7075,3.5648
measurement_578,578,0.004639297387780017,0.0016853479173392972,0.000329722489305118,52,28,19,51,1,0.0,5.666400638467677,727.0,0.0,1170.0,11.6258,13.9963,17.1923,0.0,83.0,10.5178,13.283,14.878
measurement_144,144,0.0014334726119735921,0.0016596681393353351,0.0005252829620705862,198,29,21,84,0,0.6384676775738228,2.4899598393574296,61.0,0.6837606837606838,1162.0,0.0033,0.0039,0.0049,0.0,83.0,0.00315,0.0037,0.00475
measurement_546,546,0.0024229675656150676,0.0016263463238682442,0.0006182029412156679,112,30,14,70,1,0.1596169193934557,13.74900079936051,255.0,0.17094017094017094,1168.0,7.116,7.116,8.0731,0.0,83.0,7.116,7.116,7.116
measurement_574,574,0.011160029656010465,0.001606076436832593,0.0004475549246818829,9,31,11,57,1,0.0,6.225059856344773,650.0,0.0,1170.0,0.2426,0.2936,0.3668,0.0,83.0,0.18955,0.2796,0.34330000000000005
measurement_059,59,0.006927240420796675,0.0015554856807608486,0.0014263830423453753,25,32,10,461,2,0.23942537909018355,0.88,362.0,0.17094017094017094,1168.0,4.531825,4.5698,4.6697,1.2048192771084338,82.0,4.5439,4.6195,4.6697
measurement_038,38,0.0016374217464265714,0.0015412536789668918,0.00017779232977935638,175,33,31,56,0,0.0,6.225059856344773,317.0,0.0,1170.0,66.0583,66.2314,66.3401,0.0,83.0,66.1161,66.2801,66.3989
measurement_337,337,0.0023710446805506155,0.0014939332542522222,0.0006957462216655284,115,34,20,83,1,0.39904229848363926,3.125,1232.0,0.4273504273504274,1165.0,8.286,9.0601,10.0365,0.0,83.0,8.6402,9.3674,10.464099999999998
measurement_057,57,0.011158911067055811,0.0014569503688149465,0.0025328010090195432,10,35,5,466,2,0.23942537909018355,1.6,179.0,0.17094017094017094,1168.0,0.9251,0.9309,0.9331,1.2048192771084338,82.0,0.9283250000000001,0.9318,0.93365
measurement_108,108,0.0031754576346077605,0.001456112901316553,0.0010260938546931167,82,36,18,257,2,0.39904229848363926,3.4455128205128207,974.0,0.4273504273504274,1165.0,-0.0506,0.0,0.0499,0.0,83.0,-0.057800000000000004,0.0,0.03795
measurement_490,490,0.0013431150961763418,0.0014558407108993475,0.0002976785977071066,204,37,29,71,0,1.7557861133280128,4.467912266450041,1081.0,1.8803418803418803,1148.0,112.07015,218.81815,375.8824,0.0,83.0,130.28125,231.1721,353.64315
measurement_251,251,0.0030347189535026944,0.0014458750680640398,0.0003408222581374647,87,38,23,82,0,0.0,2.154828411811652,1252.0,0.0,1170.0,74.80985,102.0474,131.686825,0.0,83.0,78.73175,104.4042,130.89245
measurement_332,332,0.005840180698032019,0.0014361711184988524,0.0007459263234417383,34,39,15,108,1,0.23942537909018355,12.16,295.0,0.17094017094017094,1168.0,0.0699,0.0848,0.0965,1.2048192771084338,82.0,0.0779,0.08945,0.0969
measurement_183,183,0.0063663533092104905,0.0014349561148861323,0.0013863425663633716,28,40,6,439,1,0.07980845969672785,0.9584664536741214,794.0,0.08547008547008547,1169.0,7.78,10.25,13.35,0.0,83.0,8.15,9.87,12.7
measurement_560,560,0.0022050158534689867,0.0014224429796017457,0.0005442379669480632,130,41,12,90,1,0.07980845969672785,0.7188498402555911,373.0,0.08547008547008547,1169.0,0.1492,0.2909,0.4397,0.0,83.0,0.1692,0.3144,0.48860000000000003
measurement_357,357,0.0017395347999660706,0.0013759880892994403,0.00039877651741257236,169,42,20,107,1,0.07980845969672785,1.5974440894568689,1186.0,0.08547008547008547,1169.0,1.0266,1.2577,1.523,0.0,83.0,0.97285,1.2428,1.5786
measurement_017,17,0.0033228155068917783,0.001371123320992762,0.0007210831434119044,76,43,17,163,2,0.1596169193934557,2.158273381294964,1195.0,0.17094017094017094,1168.0,9.574375,9.85175,10.1281,0.0,83.0,9.64025,9.9074,10.2547
measurement_453,453,0.007463805521533451,0.0013703729327361192,0.00030383614581022764,22,44,32,78,0,0.07980845969672785,1.4376996805111821,1226.0,0.08547008547008547,1169.0,4.7954,5.3171,5.9519,0.0,83.0,4.517250000000001,5.01,5.7138
measurement_056,56,0.004836982771355116,0.0013280447137896667,0.0008268943999565624,43,45,22,152,0,0.23942537909018355,0.16,106.0,0.17094017094017094,1168.0,2836.0,2854.0,2873.0,1.2048192771084338,82.0,2828.25,2847.5,2874.25
measurement_317,317,0.004719751595254487,0.0013223863191250463,0.0004050199913786059,48,46,24,89,0,0.07980845969672785,2.07667731629393,1230.0,0.08547008547008547,1169.0,5.3361,5.8506,6.6364,0.0,83.0,5.1523,5.5772,6.15655
measurement_092,92,0.005703475238291159,0.0012576276663381458,0.0015465263576203815,35,47,7,460,1,0.39904229848363926,5.208333333333334,996.0,0.4273504273504274,1165.0,-0.0467,0.0,0.0497,0.0,83.0,-0.0189,0.0118,0.0485
measurement_356,356,0.0022678814969795216,0.0012505299695657391,0.0007192942533812527,124,48,25,156,0,1.7557861133280128,4.955320877335499,532.0,1.8803418803418803,1148.0,0.0212,0.02905,0.0414,0.0,83.0,0.0216,0.0313,0.0498
measurement_308,308,0.002272861553174159,0.0012434829765252565,0.0005302105799830407,122,49,21,94,0,0.0,1.1971268954509178,279.0,0.0,1170.0,0.1131,0.12940000000000002,0.1476,0.0,83.0,0.11760000000000001,0.1313,0.1467
measurement_338,338,0.0014847441452245527,0.0012250379294722392,0.00022734898756607207,194,50,39,85,0,0.39904229848363926,2.564102564102564,1218.0,0.4273504273504274,1165.0,1.5342,2.0538,2.7685,0.0,83.0,1.5320999999999998,2.0435,2.98935
measurement_103,103,0.006073899644090006,0.0011938693316478454,0.0014742958484007475,30,51,14,466,2,0.39904229848363926,4.166666666666666,916.0,0.4273504273504274,1165.0,-0.0358,0.0,0.034,0.0,83.0,-0.05335,-0.0231,0.004
measurement_068,68,0.0017673919274669952,0.0011766607968300535,0.0003778533066867863,166,52,40,131,0,0.3192338387869114,8.246597277822259,1074.0,0.3418803418803419,1166.0,0.89055,0.9766,1.064875,0.0,83.0,0.8989499999999999,1.0196,1.1021
measurement_583,583,0.002266688809804465,0.0011630104746714665,0.0005257297530051961,126,53,36,179,0,0.07980845969672785,0.9584664536741214,167.0,0.08547008547008547,1169.0,0.4981,0.5003,0.5024,0.0,83.0,0.4982,0.5008,0.5032
measurement_116,116,0.0031564057895532814,0.0011544132009456253,0.0005054360166223701,83,54,30,155,0,0.0,3.830806065442937,1253.0,0.0,1170.0,721.0022,752.01015,777.173175,0.0,83.0,725.50955,748.3221,765.71105
measurement_428,428,0.0011337981853365678,0.0011480091170237515,0.0004338583080811306,237,55,26,130,0,0.1596169193934557,0.5595523581135092,1237.0,0.17094017094017094,1168.0,3.114675,3.9354,4.755775,0.0,83.0,2.798,3.9955,4.97635
measurement_291,291,0.007560762788830745,0.0011185931858157972,0.0007951186745354408,21,56,21,210,0,0.5586592178770949,2.889245585874799,307.0,0.5128205128205128,1164.0,0.0656,0.0839,0.117,1.2048192771084338,82.0,0.07100000000000001,0.11485000000000001,0.1539
measurement_065,65,0.011707894980902286,0.0011091414449944325,0.000737314095607362,8,57,22,261,0,0.39904229848363926,4.246794871794872,1204.0,0.4273504273504274,1165.0,17.5155,20.0191,22.6655,0.0,83.0,16.1218,20.8218,25.82545
measurement_129,129,0.001830100449091815,0.0011081532252018133,0.0005068778556258825,161,58,29,134,0,0.6384676775738228,2.9718875502008033,262.0,0.6837606837606838,1162.0,3.072,3.193,3.31,0.0,83.0,3.1055,3.245,3.3520000000000003
measurement_130,130,0.0045562183811106525,0.0010913638508891043,0.0003997647540321163,54,59,39,132,0,0.6384676775738228,14.457831325301203,92.0,0.6837606837606838,1162.0,-0.8988,-0.1419,0.0473,0.0,83.0,-0.4258,0.0,0.2838
measurement_383,383,0.0009206451517200347,0.0010881710046894311,0.0001140604910080846,271,60,58,78,0,64.56504389465283,6.306306306306306,29.0,64.01709401709401,421.0,0.0004,0.0005,0.0008,72.28915662650603,23.0,0.0004,0.0006,0.0008
measurement_432,432,0.0059590786740628095,0.0010810161115435645,0.0005354469307169686,32,61,27,151,0,0.1596169193934557,5.355715427657874,1244.0,0.08547008547008547,1169.0,11.0512,16.4494,21.6568,1.2048192771084338,82.0,14.171775,18.496299999999998,23.8226
measurement_364,364,0.0010709283874142468,0.001077951741391403,0.00039105395664279464,249,62,43,127,0,3.2721468475658417,2.392739273927393,1212.0,3.5042735042735043,1129.0,225.4602,307.0449,406.504,0.0,83.0,232.3872,330.6749,415.34590000000003
measurement_051,51,0.0010000992744480827,0.0010558494325104474,0.00041927745401146597,259,63,43,137,0,0.07980845969672785,0.4792332268370607,1218.0,0.08547008547008547,1169.0,625.7282,631.3982,638.4509,0.0,83.0,625.6958999999999,631.0291,636.9623
measurement_170,170,0.002991765498468162,0.0010386125263790902,0.00029361015115882783,90,64,46,128,0,0.1596169193934557,0.15987210231814547,602.0,0.08547008547008547,1169.0,0.23,0.418,0.535,1.2048192771084338,82.0,0.23075,0.389,0.50175
measurement_586,586,0.0017684511673760745,0.0010346445896524336,0.000563054015516562,165,65,36,216,0,0.07980845969672785,4.952076677316294,1210.0,0.08547008547008547,1169.0,2.3234,2.7615,3.2712,0.0,83.0,2.2826000000000004,2.8481,3.36395
measurement_320,320,0.002152479315331156,0.0010338632578897888,0.0005938778404258517,136,66,32,221,0,0.07980845969672785,0.23961661341853036,1240.0,0.08547008547008547,1169.0,6.2941,8.4234,9.4958,0.0,83.0,6.68185,9.0395,9.91775
measurement_197,197,0.0007960916350596073,0.0010310564241084342,0.00011933810871393437,292,67,58,94,0,0.39904229848363926,3.926282051282051,758.0,0.4273504273504274,1165.0,5.02,6.76,9.63,0.0,83.0,5.01,7.45,9.49
measurement_469,469,0.0046650611577585405,0.0010082499033378545,0.0002332344134595061,51,68,54,101,0,0.39904229848363926,3.2852564102564106,1054.0,0.4273504273504274,1165.0,40.8611,157.5781,347.7158,0.0,83.0,30.568649999999998,87.8681,213.19875
measurement_118,118,0.004523788155377535,0.0010075589012725095,0.0011997239363253013,55,69,6,188,1,0.0,4.788507581803671,1232.0,0.0,1170.0,57.987675,58.5488,59.178375,0.0,83.0,57.8061,58.4395,59.03375
measurement_153,153,0.002835475787556672,0.0010004165075413463,0.0002827509262761586,98,70,42,104,0,0.1596169193934557,6.394884092725819,1141.0,0.17094017094017094,1168.0,0.373875,0.4663,0.65975,0.0,83.0,0.39339999999999997,0.5126,0.9196500000000001
measurement_112,112,0.007975805800389242,0.0009958589908489967,0.0011455128736143248,16,71,15,462,1,64.56504389465283,0.22522522522522523,441.0,64.01709401709401,421.0,230.3861,231.219,233.4095,72.28915662650603,23.0,229.96875,230.4791,231.42849999999999
measurement_367,367,0.002117260581729321,0.0009951169317537812,0.00029728609173377765,138,72,50,129,0,0.1596169193934557,5.0359712230215825,102.0,0.17094017094017094,1168.0,0.0036,0.0043,0.0054,0.0,83.0,0.00355,0.0043,0.0055
measurement_015,15,0.00434092477506367,0.000944165266186503,0.00045433525626327703,58,73,41,219,0,0.1596169193934557,0.4796163069544364,1245.0,0.17094017094017094,1168.0,7.121325,8.95215,10.839675,0.0,83.0,6.11275,8.2379,10.45255
measurement_445,445,0.0021931967848139123,0.0009303472431028137,0.0006852182673800561,133,74,28,431,0,0.0,2.793296089385475,317.0,0.0,1170.0,0.8036,0.8969,0.9894,0.0,83.0,0.7988500000000001,0.8613,0.9591
measurement_253,253,0.004201975082173493,0.0009126647393874921,0.0009744167945919987,59,75,16,432,1,0.0,0.4788507581803671,1230.0,0.0,1170.0,2.220075,2.8733500000000003,3.82115,0.0,83.0,2.3544,3.015,3.7086
measurement_137,137,0.0009959235171252531,0.0009121816969376084,0.000546590867505291,261,76,24,180,0,0.3192338387869114,0.0,937.0,0.3418803418803419,1166.0,89.725,135.7,181.85,0.0,83.0,95.05,155.1,185.05
measurement_045,45,0.0012768364642946196,0.0009119081154984387,0.0005472126854858812,209,77,45,182,0,0.07980845969672785,2.31629392971246,1124.0,0.08547008547008547,1169.0,9.9281,10.033,10.1524,0.0,83.0,9.900649999999999,10.0121,10.1289
measurement_468,468,0.0007872380225291385,0.0009109311740890247,0.0,295,78,70,87,0,0.23942537909018355,17.28,390.0,0.17094017094017094,1168.0,4.7415,5.645,6.4177,1.2048192771084338,82.0,5.2532499999999995,5.96965,6.653925
measurement_166,166,0.002323213606307075,0.0009099182586739917,0.0005511486662843173,118,79,32,202,0,0.1596169193934557,2.5579536370903275,375.0,0.08547008547008547,1169.0,0.134,0.186,0.258,1.2048192771084338,82.0,0.12225,0.181,0.233
measurement_001,1,0.0032905258311821616,0.0009044027241218889,0.0004462155197883016,77,80,30,132,0,0.3192338387869114,3.042433947157726,1224.0,0.3418803418803419,1166.0,2967.4325,3011.8050000000003,3057.6800000000003,0.0,83.0,2945.38,2988.39,3049.3450000000003
measurement_164,164,0.005203290620666471,0.0008723858037890997,0.0005907414564230511,40,81,38,415,0,0.1596169193934557,3.037569944044764,245.0,0.08547008547008547,1169.0,0.091,0.119,0.154,1.2048192771084338,82.0,0.101,0.137,0.17075
measurement_426,426,0.003920579417370518,0.0008606360394614931,0.0006601178166448247,65,82,49,439,0,0.1596169193934557,7.993605115907274,1238.0,0.17094017094017094,1168.0,3.7552749999999997,4.7583,6.58315,0.0,83.0,3.9554,5.2707,8.89645
measurement_541,541,0.0018049189536455347,0.0008455918575861921,0.00044563244424014966,163,83,50,145,0,0.5586592178770949,0.0,326.0,0.5982905982905984,1163.0,1.4011,1.809,2.4659,0.0,83.0,1.33235,1.7855,2.60955
measurement_080,80,0.0028602928707114187,0.0008451594411247765,0.0006120406910829706,95,84,38,411,0,1.7557861133280128,5.361494719740048,615.0,1.8803418803418803,1148.0,-0.010425,0.0008,0.0128,0.0,83.0,-0.00995,0.008,0.0206
measurement_441,441,0.0008861802928866022,0.0008444470613941712,0.00047470078667353897,280,85,57,359,0,0.1596169193934557,0.07993605115907274,1245.0,0.08547008547008547,1169.0,5.3237,12.3215,15.7104,1.2048192771084338,82.0,6.89425,11.4097,14.673224999999999
measurement_160,160,0.0036475016915499823,0.0008425068060608831,0.0009364614770752432,67,86,29,365,0,0.1596169193934557,7.993605115907274,830.0,0.08547008547008547,1169.0,405.0,619.0,981.0,1.2048192771084338,82.0,461.25,706.0,1047.0
measurement_205,205,0.0016168274081678668,0.0008417570425918175,0.00040738080561735087,178,87,61,258,0,0.3192338387869114,7.766212970376301,1016.0,0.3418803418803419,1166.0,0.113025,0.1551,0.224275,0.0,83.0,0.11475,0.1769,0.26175
measurement_139,139,0.004778581194481453,0.0008330020306669628,0.0006636530320802916,45,88,37,425,0,0.8778930566640064,5.71658615136876,326.0,0.9401709401709402,1159.0,51.0,55.7,63.200100000000006,0.0,83.0,52.5,55.5,65.94995
measurement_019,19,0.0012690022140990766,0.0008313454602232983,0.000533797770819993,211,89,53,287,0,0.1596169193934557,0.7194244604316548,1239.0,0.17094017094017094,1168.0,188.2795,189.59745,192.14815,0.0,83.0,188.60845,189.5409,191.75695000000002
measurement_148,148,0.003525886568770499,0.0008284562647466797,0.0005756438526881426,69,90,37,198,0,0.1596169193934557,0.8792965627498002,284.0,0.17094017094017094,1168.0,0.0101,0.0158,0.020925,0.0,83.0,0.0104,0.019,0.023149999999999997
measurement_254,254,0.0023884630097041923,0.0008168161658546946,0.0005256144298784728,114,91,47,299,0,1.7557861133280128,2.843216896831844,403.0,1.8803418803418803,1148.0,0.0244,0.0306,0.0377,0.0,83.0,0.0258,0.0297,0.036250000000000004
measurement_333,333,0.0022048762327004276,0.0008134753599656986,0.00040093008354556307,131,92,43,164,0,0.39904229848363926,3.0448717948717947,1218.0,0.4273504273504274,1165.0,1.5464,2.0553,2.7968,0.0,83.0,1.5320999999999998,2.0435,3.0333
measurement_283,283,0.0022432636401058894,0.0007988497092457303,0.00020644756496951975,129,93,59,131,0,0.1596169193934557,0.8792965627498002,109.0,0.17094017094017094,1168.0,0.0034,0.0053,0.007,0.0,83.0,0.0034999999999999996,0.0064,0.0077
measurement_156,156,0.0027344785745297465,0.0007974069135473049,0.0007746587020188724,101,94,35,444,0,0.5586592178770949,5.21669341894061,63.0,0.5128205128205128,1164.0,0.25,0.32,0.45,1.2048192771084338,82.0,0.28,0.4,0.5075000000000001
measurement_292,292,0.0028039464572664863,0.0007889147786990014,0.00029840584485874895,99,95,52,156,0,0.0,3.192338387869114,331.0,0.0,1170.0,0.0123,0.0168,0.022975,0.0,83.0,0.01295,0.0164,0.023350000000000003
measurement_497,497,0.0019546569359353786,0.0007880515649714814,0.0003500264757329407,153,96,61,151,0,3.2721468475658417,9.818481848184819,1208.0,3.5042735042735043,1129.0,16.3365,21.3985,32.0029,0.0,83.0,15.9498,22.4579,32.1081
measurement_174,174,0.004635910845376624,0.0007691973338955326,0.0005486132310439742,53,97,34,185,0,0.0,2.3942537909018355,311.0,0.0,1170.0,0.5148,0.5757,0.6347,0.0,83.0,0.5171,0.5549,0.61605
measurement_476,476,0.0028785093851292423,0.0007667427056501141,0.0003315766617247864,92,98,62,139,0,0.3192338387869114,1.120896717373899,1227.0,0.3418803418803419,1166.0,3.52545,4.280799999999999,4.7245,0.0,83.0,3.4787999999999997,4.5079,4.9670000000000005
measurement_016,16,0.002667648817286365,0.0007605464833546405,0.00020409037473444186,103,99,73,135,0,0.1596169193934557,0.3996802557953637,1248.0,0.17094017094017094,1168.0,405.910775,412.1867,419.098425,0.0,83.0,407.29290000000003,412.6262,417.85045
measurement_408,408,0.0023129657117439855,0.0007420807383776929,0.000703282346885086,119,100,25,208,0,0.5586592178770949,1.5248796147672552,321.0,0.5982905982905984,1163.0,0.9557,1.2397,1.4148,0.0,83.0,1.01495,1.2397,1.4518499999999999
measurement_161,161,0.0030258985223292133,0.0007386828613043184,0.00024692068612754863,88,101,58,141,0,0.1596169193934557,4.636290967226219,667.0,0.08547008547008547,1169.0,295.0,442.0,624.0,1.2048192771084338,82.0,372.75,522.0,645.0
measurement_319,319,0.000709989192815093,0.0007277345280709335,0.0001507436113837046,315,102,76,128,0,0.07980845969672785,0.5591054313099041,1233.0,0.08547008547008547,1169.0,2.3224,2.913,4.0227,0.0,83.0,2.2321,2.7983,3.6296
measurement_544,544,0.0018740702860597389,0.0007188789199350954,0.0005299013244431601,157,103,55,414,0,0.1596169193934557,10.23181454836131,71.0,0.17094017094017094,1168.0,0.0078,0.0078,0.0091,0.0,83.0,0.0078,0.0078,0.0078
measurement_542,542,0.002436977537407602,0.00071822689883414,0.0006570595205014866,110,104,42,245,0,0.5586592178770949,2.0064205457463884,326.0,0.5982905982905984,1163.0,7.4873,9.4262,11.1691,0.0,83.0,7.522600000000001,9.4805,12.064
measurement_026,26,0.0039676077869199,0.000717246063900423,0.00012060167352710118,64,105,87,125,0,0.1596169193934557,2.158273381294964,628.0,0.08547008547008547,1169.0,1.0935,1.2833,1.3045,1.2048192771084338,82.0,1.2545250000000001,1.2784,1.306825
measurement_125,125,0.0043540998489348375,0.0007154869528469776,0.0002063945669692885,57,106,80,139,0,0.6384676775738228,0.4016064257028112,58.0,0.6837606837606838,1162.0,15.72,15.77,15.87,0.0,83.0,15.75,15.83,15.905000000000001
measurement_196,196,0.0011265414318067848,0.0007125193506913429,0.0005256892690672578,241,107,63,322,0,0.23942537909018355,16.72,198.0,0.17094017094017094,1168.0,0.223,0.259,0.298,1.2048192771084338,82.0,0.24325,0.275,0.30274999999999996
measurement_512,512,0.0012149567526853337,0.0007117172354733859,0.0003688415545190104,223,108,48,160,0,0.1596169193934557,0.0,487.0,0.17094017094017094,1168.0,0.0,0.0,545.05925,0.0,83.0,0.0,278.6517,684.44445
measurement_218,218,0.000987259268117623,0.0007103960940398224,0.00022751928711419166,263,109,75,172,0,1.7557861133280128,4.1429731925264015,729.0,1.8803418803418803,1148.0,0.0455,0.06125,0.08545,0.0,83.0,0.047850000000000004,0.0669,0.0959
measurement_097,97,0.002567967434903004,0.0007011865266036921,0.00033706254989148923,105,110,65,190,0,0.39904229848363926,4.487179487179487,1096.0,0.4273504273504274,1165.0,-0.092,0.0028,0.1201,0.0,83.0,-0.07335,0.0083,0.10135
measurement_276,276,0.0009639576549294733,0.0006971640927118771,0.0002476560167387999,266,111,68,167,0,0.8778930566640064,2.737520128824477,425.0,0.9401709401709402,1159.0,0.0443,0.0791,0.151,0.0,83.0,0.0471,0.0781,0.1406
measurement_202,202,0.0011021633703078811,0.0006943182933303316,7.380980285525538e-05,248,112,94,116,0,0.39904229848363926,3.766025641025641,753.0,0.4273504273504274,1165.0,4.99,6.72,9.51,0.0,83.0,5.01,7.45,9.46
measurement_055,55,0.002289454605870811,0.0006715971805414834,0.0003446374654180006,121,113,54,207,0,0.23942537909018355,2.16,165.0,0.17094017094017094,1168.0,4.819,4.844,4.87,1.2048192771084338,82.0,4.8125,4.848,4.87075
measurement_378,378,0.0027004109190060335,0.0006664331564342207,0.00045916479823945703,102,114,62,220,0,0.1596169193934557,2.0783373301358914,30.0,0.17094017094017094,1168.0,0.0012,0.0015,0.0018,0.0,83.0,0.0013,0.0015,0.0016
measurement_487,487,0.0028528725445570112,0.0006602244097448251,0.001096137384744133,96,115,11,452,1,1.7557861133280128,0.0,824.0,1.8803418803418803,1148.0,0.0,245.6601,494.744575,0.0,83.0,183.02355,300.7779,504.1447
measurement_303,303,0.0012229541499421206,0.0006518140994084875,0.000359587434558489,222,116,75,254,0,0.1596169193934557,1.3589128697042365,531.0,0.08547008547008547,1169.0,0.2977,0.379,0.4796,1.2048192771084338,82.0,0.3162,0.39085000000000003,0.4792
measurement_353,353,0.0014466714422562018,0.0006511782515562059,0.0006276568570300089,196,117,35,416,0,1.7557861133280128,3.6555645816409426,331.0,1.8803418803418803,1148.0,0.0161,0.021949999999999997,0.026925,0.0,83.0,0.0162,0.0226,0.026000000000000002
measurement_122,122,0.0009369868361200646,0.0006384664950312535,0.0005968486892851701,269,118,52,419,0,0.6384676775738228,1.6867469879518073,54.0,0.6837606837606838,1162.0,15.73,15.79,15.86,0.0,83.0,15.77,15.82,15.885000000000002
measurement_154,154,0.010614553241747026,0.000633163474029308,0.00040955993238480146,11,119,61,208,0,0.1596169193934557,1.0391686650679457,210.0,0.17094017094017094,1168.0,0.0073,0.0109,0.0148,0.0,83.0,0.00675,0.0134,0.0166
measurement_048,48,0.00046412683593366374,0.0006311994688763534,0.0002605118453826144,362,120,78,150,0,0.07980845969672785,0.0,1100.0,0.08547008547008547,1169.0,0.9853,1.2516,1.3387,0.0,83.0,1.0295999999999998,1.2712,1.34395
measurement_427,427,0.007818454338583431,0.0006275602247488799,0.000406824390671327,17,121,56,265,0,0.1596169193934557,1.0391686650679457,1197.0,0.17094017094017094,1168.0,0.7484000000000001,1.1258499999999998,1.527475,0.0,83.0,0.69615,1.3802,1.71235
measurement_354,354,0.0011155758263125429,0.0006225998973261815,0.00023463635860439567,244,122,89,221,0,1.7557861133280128,0.4061738424045491,522.0,1.8803418803418803,1148.0,0.030074999999999998,0.04235,0.050225,0.0,83.0,0.03,0.0414,0.049600000000000005
measurement_087,87,0.0012414821380871712,0.0006088066650650426,8.835941179728633e-05,216,123,106,132,0,0.0,1.2769353551476457,443.0,0.0,1170.0,2.3762,2.40355,2.4287,0.0,83.0,2.38295,2.4094,2.4222
measurement_151,151,0.0005723108493232555,0.0006011829342416286,0.00012253264445802954,343,124,94,161,0,0.1596169193934557,3.1974420463629096,1172.0,0.17094017094017094,1168.0,4.4087499999999995,5.9435,8.275,0.0,83.0,4.362,5.9,7.8985
measurement_211,211,0.0034226569794614317,0.0005957777177390877,0.0003488102091498836,72,125,82,267,0,1.7557861133280128,6.173842404549148,703.0,1.8803418803418803,1148.0,0.065275,0.08024999999999999,0.0991,0.0,83.0,0.06659999999999999,0.0853,0.12254999999999999
measurement_305,305,0.0011592228564081615,0.0005908310506945513,0.00033895236493441,231,126,86,302,0,0.1596169193934557,0.0,943.0,0.08547008547008547,1169.0,0.0704,0.1397,0.1789,1.2048192771084338,82.0,0.074275,0.1327,0.16375
measurement_037,37,0.0012267502439672665,0.0005864372573515908,0.00032586793584369673,221,127,60,205,0,0.0,3.35195530726257,322.0,0.0,1170.0,49.4205,49.6036,49.733375,0.0,83.0,49.529399999999995,49.619,49.7411
measurement_421,421,0.0028390881010733255,0.0005847091427984453,0.00047502959974330815,97,128,55,264,0,0.1596169193934557,0.8792965627498002,1218.0,0.17094017094017094,1168.0,1.04135,1.63815,2.1815749999999996,0.0,83.0,1.0725500000000001,1.9769,2.42445
measurement_162,162,0.002265210982354867,0.0005804964713144623,0.00032593615940578055,127,129,97,270,0,0.1596169193934557,7.673860911270983,1158.0,0.08547008547008547,1169.0,1333.0,2595.0,5324.0,1.2048192771084338,82.0,1246.25,2731.5,4426.75
measurement_413,413,0.0008735909611212754,0.0005791512305463265,0.000284736069346004,282,130,81,208,0,0.8778930566640064,5.233494363929147,477.0,0.9401709401709402,1159.0,18.3534,26.1032,38.083299999999994,0.0,83.0,20.4543,28.4861,39.7893
measurement_029,29,0.005227240444040209,0.0005774571207119549,0.0009462907427128642,39,131,36,455,0,0.1596169193934557,0.6394884092725819,778.0,0.08547008547008547,1169.0,67.4889,69.3556,72.2778,1.2048192771084338,82.0,66.22777500000001,68.19445,70.161125
measurement_173,173,0.0012806335549660787,0.0005625399902275952,0.00023537557657888624,208,132,98,248,0,0.0,0.5586592178770949,300.0,0.0,1170.0,0.2712,0.3234,0.368,0.0,83.0,0.29015,0.3244,0.3782
measurement_436,436,0.0016179168607413812,0.0005582336164689838,7.13470807663706e-05,176,133,113,153,0,0.1596169193934557,3.277378097521982,1231.0,0.08547008547008547,1169.0,3.5044,4.6081,5.8719,1.2048192771084338,82.0,3.69895,4.8168,6.12895
measurement_488,488,0.0012398591862963666,0.0005535759758938496,0.0003375132498361861,217,134,97,407,0,1.7557861133280128,1.7059301380991063,957.0,1.8803418803418803,1148.0,53.664625,113.856,400.840575,0.0,83.0,82.40365,106.4691,360.8935
measurement_528,528,0.0015013237182730634,0.0005386746738337056,0.00034550911722703865,193,135,92,364,0,0.0,0.3192338387869114,1242.0,0.0,1170.0,4.83615,6.4334,7.601475,0.0,83.0,5.1837,6.4117,7.36215
measurement_061,61,0.0006471919970558719,0.0005326295327437114,0.00023312012948115937,328,136,99,239,0,0.3192338387869114,0.24019215372297836,1205.0,0.3418803418803419,1166.0,350.6032,353.73545,359.6102,0.0,83.0,349.7627,354.1645,359.5309
measurement_256,256,0.0011942289703837277,0.0005219204621021101,0.00023061714405879315,224,137,78,206,0,0.0,0.39904229848363926,1096.0,0.0,1170.0,0.30615,0.4061,0.48207500000000003,0.0,83.0,0.3267,0.3973,0.4647
measurement_324,324,0.0006206369997796681,0.0005204558777855528,0.0002500207626596148,333,138,88,207,0,0.07980845969672785,0.3194888178913738,1230.0,0.08547008547008547,1169.0,4.2746,5.4785,6.3478,0.0,83.0,4.7956,5.4631,6.2909500000000005
measurement_412,412,0.0025196274911024477,0.0005078643347646627,0.00038645685963506894,107,139,55,230,0,0.8778930566640064,5.71658615136876,468.0,0.9401709401709402,1159.0,2.3181000000000003,2.5418,2.85615,0.0,83.0,2.3933999999999997,2.5607,2.9911
measurement_411,411,0.005090235215573855,0.0004970597679261113,0.00041297209918695965,41,140,81,274,0,0.23942537909018355,0.16,1241.0,0.2564102564102564,1167.0,3.24245,4.7021,6.48185,0.0,83.0,4.0167,5.4284,6.5731
measurement_347,347,0.0034906215386037247,0.0004967368424722895,0.00038391843655403784,70,141,65,238,0,50.59856344772547,8.723747980613894,610.0,51.70940170940172,565.0,2.5143,2.9945,3.9193,34.93975903614458,54.0,2.8419499999999998,3.3913,5.394925
measurement_145,145,0.0034849421705388734,0.0004926810585589969,0.0006827046103161209,71,142,44,448,0,0.1596169193934557,8.15347721822542,842.0,0.17094017094017094,1168.0,0.08347500000000001,0.1077,0.13265,0.0,83.0,0.07755,0.0997,0.12195
measurement_393,393,0.0011770840756444426,0.00048511689521226755,0.00014928602427887957,228,143,110,176,0,0.0,0.23942537909018355,105.0,0.0,1170.0,0.0015,0.0048,0.0069,0.0,83.0,0.0014,0.0046,0.006500000000000001
measurement_007,7,0.001234235446289565,0.00047535760124464146,9.068055880090769e-05,219,144,128,168,0,0.8778930566640064,6.521739130434782,471.0,0.9401709401709402,1159.0,97.7778,101.4578,104.55834999999999,0.0,83.0,99.2889,101.84,104.12055000000001
measurement_168,168,0.0005197619220775677,0.0004745662446568932,0.00027461300936771244,354,145,98,239,0,0.1596169193934557,1.4388489208633095,31.0,0.08547008547008547,1169.0,0.9,1.2,1.5,1.2048192771084338,82.0,0.925,1.2,1.5
measurement_022,22,0.003387395358914618,0.0004726635421189451,0.0003095743768111134,75,146,80,259,0,0.1596169193934557,1.518784972022382,1067.0,0.08547008547008547,1169.0,-6020.75,-5532.25,-5361.5,1.2048192771084338,82.0,-5703.125,-5429.5,-5252.0625
measurement_155,155,0.0019830130487645697,0.000465613136472931,0.0003266938335860539,149,147,77,266,0,0.1596169193934557,0.5595523581135092,1238.0,0.17094017094017094,1168.0,5.937925,7.4793,9.0001,0.0,83.0,5.33245,7.6723,9.338049999999999
measurement_157,157,0.0037297107665572953,0.0004640598301320686,0.00037786473326762137,66,148,91,266,0,0.0,3.6711891460494814,635.0,0.0,1170.0,0.0353,0.048,0.0655,0.0,83.0,0.03825,0.0481,0.06705
measurement_473,473,0.0011825003010208976,0.0004635834381325754,0.0003816695529985898,226,149,79,341,0,0.39904229848363926,0.7211538461538461,1248.0,0.4273504273504274,1165.0,106.1707,138.2508,166.4611,0.0,83.0,108.08494999999999,142.5244,172.0057
measurement_023,23,0.0006846094254810556,0.0004622940106831397,0.0002131332847226805,319,150,129,255,0,0.1596169193934557,3.117505995203837,983.0,0.08547008547008547,1169.0,2583.5,2667.25,2868.75,1.2048192771084338,82.0,2589.5,2649.125,2790.5
measurement_299,299,0.003243529330564963,0.00046034529548453216,0.000489132863733283,79,151,74,447,0,0.1596169193934557,2.5579536370903275,656.0,0.08547008547008547,1169.0,0.0404,0.0528,0.0686,1.2048192771084338,82.0,0.043575,0.05915,0.078675
measurement_113,113,0.005468084368233652,0.00045831877280739787,0.0004109983073788365,36,152,72,418,0,45.570630486831604,4.838709677419355,231.0,46.666666666666664,624.0,0.4593,0.4627,0.466125,30.120481927710845,58.0,0.461175,0.4647,0.468325
measurement_032,32,0.002449067924280518,0.00044682790963210815,0.00019301008801241108,109,153,101,208,0,0.1596169193934557,22.781774580335732,1074.0,0.08547008547008547,1169.0,3.3623,3.431,3.5453,1.2048192771084338,82.0,3.3767,3.4442500000000003,3.519175
measurement_470,470,0.0014497529564228909,0.0004414913198107051,0.0002647997270491956,195,154,83,254,0,0.3192338387869114,3.042433947157726,1217.0,0.3418803418803419,1166.0,4.831575,5.44525,5.9986250000000005,0.0,83.0,5.10305,5.6088,6.017799999999999
measurement_556,556,0.0006342476327030958,0.00043706734214672417,0.00024889858605627746,331,155,121,392,0,16.839584996009577,2.6871401151631478,872.0,16.666666666666664,975.0,27.884,54.2784,74.36959999999999,19.27710843373494,67.0,38.19085,59.1938,77.4169
measurement_099,99,0.0015668545860701305,0.0004338252007106691,0.00012066935026678807,184,156,119,176,0,0.39904229848363926,5.128205128205128,1144.0,0.4273504273504274,1165.0,-0.2176,0.0,0.1905,0.0,83.0,-0.27390000000000003,-0.024,0.1261
measurement_271,271,0.0010059376063510893,0.0004292875325279555,0.0004895822056191347,258,157,76,431,0,0.23942537909018355,2.96,551.0,0.2564102564102564,1167.0,25.05035,28.8872,31.7022,0.0,83.0,23.551,27.6084,30.988599999999998
measurement_440,440,0.0011744932208733276,0.00042645465311381693,0.00038569549499885606,229,158,62,238,0,0.1596169193934557,2.158273381294964,1241.0,0.08547008547008547,1169.0,48.6739,66.6475,86.1341,1.2048192771084338,82.0,48.870175,64.79615,78.897
measurement_198,198,0.001144973521168459,0.0004262344837736798,6.141845508639603e-05,234,159,136,164,0,0.3192338387869114,2.8823058446757406,779.0,0.3418803418803419,1166.0,17.0775,19.33,21.44,0.0,83.0,17.994999999999997,20.0,21.405
measurement_579,579,0.0009876643309235332,0.00041718434867696883,0.00034739418713414884,262,160,92,278,0,60.41500399042299,2.217741935483871,289.0,60.76923076923077,459.0,0.01315,0.0201,0.0274,55.42168674698795,37.0,0.0157,0.0207,0.0296
measurement_588,588,0.001554583864754905,0.00040889807758044406,8.105823150802351e-05,185,161,133,173,0,0.07980845969672785,3.2747603833865817,240.0,0.08547008547008547,1169.0,0.0106,0.0146,0.0203,0.0,83.0,0.011349999999999999,0.0166,0.02155
measurement_100,100,0.002166154789359582,0.0004086297661863192,0.00016237209844345584,135,162,121,203,0,0.39904229848363926,2.644230769230769,255.0,0.4273504273504274,1165.0,-0.0316,0.0,0.0298,0.0,83.0,-0.03535,-0.0056,0.02605
measurement_339,339,0.0007919708701515123,0.0004084589041822184,0.00023970366903144344,293,163,109,255,0,0.39904229848363926,2.8846153846153846,1221.0,0.4273504273504274,1165.0,1.8878,2.473,3.4065,0.0,83.0,1.91435,2.6224,3.2227
measurement_391,391,0.004730280554299085,0.00040554406453929825,0.00074641643619532,47,164,33,447,0,0.0,0.4788507581803671,1184.0,0.0,1170.0,0.6762,0.88165,1.16195,0.0,83.0,0.7464500000000001,0.8859,1.1353499999999999
measurement_523,523,0.000873084446588614,0.00040364393714180656,0.00029547151412497865,283,165,94,389,0,0.0,2.154828411811652,1251.0,0.0,1170.0,9.991675,13.5383,17.776275,0.0,83.0,10.92545,14.2936,17.584
measurement_081,81,0.0012567048599720955,0.0003971971556515852,9.434245663388774e-05,214,166,134,187,0,1.7557861133280128,0.5686433793663688,802.0,1.8803418803418803,1148.0,-0.0441,-0.00885,0.0087,0.0,83.0,-0.0837,-0.0094,0.0116
measurement_136,136,0.0006307029428753984,0.0003906702563704734,0.00040198838923873325,332,167,85,351,0,0.23942537909018355,4.0,131.0,0.2564102564102564,1167.0,92.0,109.0,128.0,0.0,83.0,88.0,103.0,119.5
measurement_576,576,0.003284134826218356,0.00038952880550100486,0.00016708665478650694,78,168,100,204,0,0.0,5.746209098164405,526.0,0.0,1170.0,0.0752,0.0898,0.1117,0.0,83.0,0.06285,0.0862,0.1036
measurement_239,239,0.0005950492302830822,0.0003822299051992939,0.00022918303747878553,339,169,123,257,0,0.1596169193934557,1.5987210231814548,88.0,0.17094017094017094,1168.0,0.0037,0.0046,0.0057,0.0,83.0,0.004,0.0047,0.0061
measurement_340,340,0.002013296306349386,0.000379482987649471,0.00019026142268731668,147,170,121,229,0,0.3192338387869114,1.0408326661329064,1241.0,0.3418803418803419,1166.0,7.707225,9.48935,10.42185,0.0,83.0,7.4289000000000005,9.9375,10.8765
measurement_481,481,0.00111383674570783,0.0003588130229472908,0.000146158736608963,245,171,139,205,0,0.3192338387869114,2.9623698959167335,1248.0,0.3418803418803419,1166.0,52.75795,69.64285,91.9409,0.0,83.0,52.4203,63.7935,93.53495
measurement_571,571,0.0017255533866557824,0.0003582109068333894,0.0004329512415476792,170,172,65,366,0,0.0,5.985634477254589,699.0,0.0,1170.0,530.6746,532.4527,534.4473,0.0,83.0,531.3127,533.1055,534.9458999999999
measurement_028,28,0.0006607795591183657,0.0003573369314857855,0.00023537557657893592,325,173,98,212,0,0.1596169193934557,1.1990407673860912,968.0,0.08547008547008547,1169.0,5.2575,7.266,7.3305,1.2048192771084338,82.0,7.0539000000000005,7.2574,7.33765
measurement_311,311,0.0020162838634461,0.0003549360642430166,0.00018401250457537072,145,174,119,263,0,0.0,1.8355945730247407,303.0,0.0,1170.0,0.277825,0.3029,0.3319,0.0,83.0,0.28725,0.3151,0.3373
measurement_483,483,0.0010660457705884657,0.0003534442697565865,0.00021645644526922342,250,175,110,233,0,1.7557861133280128,0.0,839.0,1.8803418803418803,1148.0,0.0,295.1028,512.45745,0.0,83.0,0.0,233.8316,469.75855
measurement_209,209,0.000558500998536282,0.00035216097398116375,0.0002514125928023032,346,176,111,318,0,0.3192338387869114,1.2810248198558847,1238.0,0.3418803418803419,1166.0,55.675,72.749,90.541,0.0,83.0,54.75449999999999,72.05,88.828
measurement_270,270,0.0013127140503170324,0.0003500363033984044,0.00023137594404093015,206,177,124,307,0,0.5586592178770949,2.327447833065811,321.0,0.5982905982905984,1163.0,2.9311,3.6718,4.3768,0.0,83.0,2.9594500000000004,3.9099,4.5494
measurement_010,10,0.0011174403566800465,0.0003484625453468615,0.0001025342311829771,243,178,148,227,0,0.1596169193934557,1.9984012789768184,527.0,0.17094017094017094,1168.0,-0.010725,-0.0013,0.0088,0.0,83.0,-0.0091,-0.0016,0.005549999999999999
measurement_287,287,0.00013457281605523422,0.0003402445507708407,0.0001902024861243696,404,179,145,299,0,0.1596169193934557,1.6786570743405276,1234.0,0.17094017094017094,1168.0,2.4672,3.36175,4.291975,0.0,83.0,2.4486499999999998,3.2423,4.44555
measurement_361,361,0.0013589523429612363,0.0003374964642097744,0.00019093566534840247,203,180,141,273,0,0.0,8.459696727853153,89.0,0.0,1170.0,0.0004,0.0007,0.0017749999999999999,0.0,83.0,0.0004,0.0008,0.0022
measurement_300,300,0.00037296409712868784,0.00033559145388217804,0.0003090067637037091,375,181,108,291,0,0.1596169193934557,2.877697841726619,570.0,0.08547008547008547,1169.0,0.0303,0.0404,0.0523,1.2048192771084338,82.0,0.0339,0.04285,0.0561
measurement_219,219,0.0006949743354410238,0.0003346553853829315,6.189927825985668e-05,317,182,154,198,0,0.07980845969672785,1.996805111821086,1233.0,0.08547008547008547,1169.0,2.9618,3.6111,4.3926,0.0,83.0,2.7771999999999997,3.6287,4.5112
measurement_384,384,0.0011284117036757355,0.0003336940081450024,0.00011830386601895733,239,183,142,229,0,64.56504389465283,9.90990990990991,429.0,64.01709401709401,421.0,0.2979,0.3828,0.5616,72.28915662650603,23.0,0.26465,0.3023,0.3592
measurement_562,562,0.002358218091894273,0.00033308851023416963,0.0003237322645890591,116,184,96,422,0,0.07980845969672785,0.7188498402555911,384.0,0.08547008547008547,1169.0,15.3056,29.7801,44.1134,0.0,83.0,17.55355,31.9373,50.34505
measurement_020,20,0.0020234529480223206,0.00032018800077506795,0.00040094913603408965,143,185,100,403,0,0.5586592178770949,3.210272873194221,344.0,0.5128205128205128,1164.0,12.46,12.5006,12.5478,1.2048192771084338,82.0,12.4616,12.4836,12.53555
measurement_279,279,0.002269487121805408,0.0003172153220080798,0.0003560006200325072,123,186,92,408,0,0.6384676775738228,3.3734939759036147,22.0,0.6837606837606838,1162.0,0.0009,0.0011,0.0013,0.0,83.0,0.0009,0.001,0.0013
measurement_457,457,0.0009393927463530199,0.00031657319343378896,0.0002449119614360421,268,187,106,269,0,0.07980845969672785,3.1948881789137378,1241.0,0.08547008547008547,1169.0,8.8235,11.4729,14.4261,0.0,83.0,8.67625,10.8938,14.1607
measurement_134,134,0.0008750452830363184,0.00031430800814884473,0.00011456140868340857,281,188,130,199,0,0.5586592178770949,1.7656500802568218,326.0,0.5982905982905984,1163.0,999.8622,1003.8773,1008.4097,0.0,83.0,1001.9434,1004.8728,1010.0195
measurement_088,88,0.0007884903579143641,0.00031070777251334113,6.005729797209588e-05,294,189,157,202,0,0.0,0.9577015163607342,237.0,0.0,1170.0,0.9782,0.9874,0.9896,0.0,83.0,0.9716,0.9871,0.9896
measurement_306,306,0.0017227651610893665,0.00031064570139576196,0.000301129454186012,171,190,113,301,0,0.0,0.1596169193934557,306.0,0.0,1170.0,0.2256,0.2669,0.3049,0.0,83.0,0.22585,0.2601,0.31445
measurement_489,489,0.0003846744846699176,0.0003099876460025852,0.00019686758337055706,372,191,135,405,0,1.7557861133280128,0.0,1052.0,1.8803418803418803,1148.0,159.08384999999998,353.72384999999997,511.65387499999997,0.0,83.0,79.13815,313.9147,509.06795
measurement_286,286,0.0020968368503645157,0.0003063289058399477,0.0005702701362396615,139,192,49,450,0,0.1596169193934557,2.7977617905675456,1230.0,0.17094017094017094,1168.0,1.4131,1.86935,2.6054000000000004,0.0,83.0,1.38595,1.9109,2.44875
measurement_140,140,0.0018005186461263003,0.00030268665901123093,0.00015658384728586648,164,193,144,255,0,0.8778930566640064,5.636070853462158,477.0,0.9401709401709402,1159.0,243.8411,340.6819,502.2059,0.0,83.0,265.47249999999997,330.043,488.0025
measurement_030,30,0.001021019087301667,0.00030158759456873075,0.00033463914062166093,256,194,96,368,0,0.1596169193934557,0.7993605115907274,185.0,0.08547008547008547,1169.0,2.0778,2.3667,2.6444,1.2048192771084338,82.0,2.058375,2.39445,2.7083250000000003
measurement_352,352,0.004104495034158229,0.00030138504403793843,0.0006357985975886548,60,195,74,458,0,1.7557861133280128,2.1121039805036554,462.0,1.8803418803418803,1148.0,0.0165,0.0251,0.0336,0.0,83.0,0.01925,0.0263,0.037250000000000005
measurement_091,91,0.0016927992647580257,0.00029749087880817095,0.0003989057680236721,172,196,93,437,0,3.2721468475658417,1.9801980198019802,1209.0,3.5042735042735043,1129.0,8570.25,8834.5399,9074.49,0.0,83.0,8572.0651,8745.81,8936.57995
measurement_346,346,0.0010532088482234964,0.0002905267595076255,0.0003488447710443167,251,197,109,444,0,50.59856344772547,5.008077544426494,618.0,51.70940170940172,565.0,4.4406,5.5115,6.7733,34.93975903614458,54.0,4.945275,5.8988,7.396475000000001
measurement_543,543,0.000608100780593764,0.00028539611775249,0.0003494994938014909,337,198,112,456,0,0.1596169193934557,0.0,98.0,0.17094017094017094,1168.0,0.1096,0.1096,0.11372499999999999,0.0,83.0,0.1096,0.1096,0.11105
measurement_035,35,0.0008624504548776444,0.00028354080413486307,5.434857488655796e-05,284,199,169,210,0,0.0,3.35195530726257,321.0,0.0,1170.0,50.2667,50.3964,50.5795,0.0,83.0,50.25895,50.381,50.47065
measurement_334,334,0.0011125672050404563,0.0002789572913784566,0.00016684429395661676,246,200,144,260,0,0.3192338387869114,3.2025620496397114,1227.0,0.3418803418803419,1166.0,5.442575,5.9761500000000005,6.535575,0.0,83.0,5.60225,6.1303,6.69625
measurement_093,93,0.0012483542240755035,0.0002765476828985536,0.0001321098987891395,215,201,136,241,0,0.1596169193934557,4.95603517186251,164.0,0.17094017094017094,1168.0,-0.0011,0.0004,0.002,0.0,83.0,-0.0012499999999999998,0.0003,0.0017499999999999998
measurement_182,182,0.0020695477209364014,0.0002699115062971824,0.00038843415147104876,140,202,120,427,0,0.07980845969672785,0.5591054313099041,639.0,0.08547008547008547,1169.0,0.381,0.527,0.695,0.0,83.0,0.348,0.474,0.615
measurement_309,309,0.0020298769254940346,0.00026747377725151457,0.0005315560628231534,142,203,73,448,0,0.0,2.3942537909018355,289.0,0.0,1170.0,0.1972,0.219,0.2379,0.0,83.0,0.1941,0.2141,0.23135
measurement_500,500,0.0006479176023001194,0.00026684812339050623,0.0,327,204,185,201,0,0.1596169193934557,0.0,556.0,0.17094017094017094,1168.0,0.0,0.0,532.629125,0.0,83.0,0.0,0.0,461.72955
measurement_570,570,0.000826837396531164,0.00026684812339050623,0.0,289,204,178,203,0,17.557861133280127,6.001936108422071,722.0,17.094017094017094,970.0,15.4662,17.074849999999998,24.648525,24.096385542168676,63.0,15.4662,19.4405,27.512349999999998
measurement_366,366,0.002118247723707588,0.0002644596878956573,0.00037060346935130235,137,206,93,408,0,0.1596169193934557,5.995203836930456,112.0,0.17094017094017094,1168.0,0.003775,0.0046,0.0058,0.0,83.0,0.0042,0.0051,0.0064
measurement_240,240,0.002064664117216609,0.0002643263327284151,7.764347689215984e-05,141,207,165,221,0,0.1596169193934557,1.9984012789768184,79.0,0.17094017094017094,1168.0,0.0036,0.0044,0.0053,0.0,83.0,0.0037,0.0042,0.0049
measurement_046,46,0.002290896303222545,0.0002624578909172115,0.0002414312148886423,120,208,120,264,0,0.07980845969672785,0.7188498402555911,1222.0,0.08547008547008547,1169.0,130.7564,136.6745,142.2018,0.0,83.0,130.03315,136.1436,143.65
measurement_077,77,0.002325523766845157,0.00026155662369782285,0.00033229299053695425,117,209,116,434,0,1.7557861133280128,0.7311129163281885,785.0,1.8803418803418803,1148.0,-0.052225,-0.028249999999999997,-0.0053,0.0,83.0,-0.0543,-0.0356,-0.01965
measurement_431,431,0.002487966825787328,0.00025887830816846425,0.00016702378286812696,108,210,161,277,0,0.1596169193934557,7.034372501998401,1243.0,0.08547008547008547,1169.0,6.9149,10.9814,17.8737,1.2048192771084338,82.0,7.913449999999999,13.5164,19.09625
measurement_477,477,0.002785645003736303,0.0002552253982947894,0.00018575328407007287,100,211,151,347,0,0.3192338387869114,7.766212970376301,1247.0,0.3418803418803419,1166.0,11.5749,15.79035,22.95375,0.0,83.0,11.77285,17.7545,25.89715
measurement_582,582,0.0008318446615053794,0.0002520737735910439,0.0,288,212,193,211,0,60.41500399042299,6.653225806451612,490.0,60.76923076923077,459.0,46.262100000000004,72.9676,120.9028,55.42168674698795,37.0,46.9253,73.512,104.4612
measurement_563,563,0.0016178829360940956,0.0002490788486133377,0.00028864925570473135,177,213,128,431,0,17.557861133280127,17.424975798644724,706.0,17.094017094017094,970.0,259.9725,264.272,265.812,24.096385542168676,63.0,261.156,264.272,265.369
measurement_229,229,0.0010331122066217842,0.00024822660800492,0.00014615873660890223,255,214,143,242,0,0.1596169193934557,5.675459632294165,276.0,0.17094017094017094,1168.0,0.0126,0.0154,0.0199,0.0,83.0,0.0133,0.0159,0.02175
measurement_419,419,0.0018317125222989503,0.0002467648995142513,0.0005231964652043406,160,215,91,434,0,0.1596169193934557,0.0,848.0,0.17094017094017094,1168.0,0.0,313.77605,535.65905,0.0,83.0,0.0,250.8186,486.51480000000004
measurement_036,36,0.0024215867314671294,0.00024034006457149815,0.0002933341495233246,113,216,106,417,0,0.0,3.0327214684756583,324.0,0.0,1170.0,64.0248,64.1658,64.3519,0.0,83.0,64.00895,64.1619,64.2363
measurement_062,62,0.0018821136675115015,0.0002396123812390627,0.0002232532625604784,156,217,133,420,0,0.3192338387869114,4.483586869495596,1159.0,0.3418803418803419,1166.0,10.28665,10.43825,10.5788,0.0,83.0,10.206700000000001,10.4147,10.647950000000002
measurement_066,66,0.0077085648155582305,0.00023637747473890248,0.0006073905892832483,18,218,96,459,0,0.39904229848363926,3.2852564102564106,1240.0,0.4273504273504274,1165.0,23.1579,26.2175,29.871,0.0,83.0,21.7015,27.1504,33.4353
measurement_565,565,0.0006612405011011135,0.00023540832327382245,0.00013990045204761973,324,219,170,402,0,17.557861133280127,3.6786060019361084,506.0,17.094017094017094,970.0,4.98,5.16,7.7725,24.096385542168676,63.0,4.98,5.65,8.695
measurement_430,430,0.0014419448007535482,0.00023488041125621084,0.00026082411068944263,197,220,143,410,0,0.0,3.5913806863527533,1238.0,0.0,1170.0,2.5090500000000002,3.4222,4.686475,0.0,83.0,2.7107,3.3956,4.76455
measurement_223,223,0.0005850119954250405,0.00023282955258419058,0.00018418380715826664,340,221,128,269,0,0.0,8.53950518754988,166.0,0.0,1170.0,0.0014,0.0023,0.0054,0.0,83.0,0.0012499999999999998,0.0025,0.00645
measurement_278,278,0.0006822730637793278,0.00023114145480807036,0.00017424229446015764,320,222,161,303,0,0.8778930566640064,3.784219001610306,471.0,0.9401709401709402,1159.0,1.6977,2.0861,2.5122,0.0,83.0,1.71245,2.1099,2.5206999999999997
measurement_524,524,0.0008564291788088618,0.00022990019751900626,7.281237308693776e-05,286,223,188,270,0,0.0,13.248204309656824,896.0,0.0,1170.0,0.0729,0.0993,0.13337500000000002,0.0,83.0,0.07250000000000001,0.0979,0.1378
measurement_149,149,0.002180202193662711,0.00022843808803914013,0.00016428778506194443,134,224,150,271,0,0.1596169193934557,0.6394884092725819,1244.0,0.17094017094017094,1168.0,6.386025,7.8875,9.48215,0.0,83.0,5.59335,7.9162,9.8086
measurement_052,52,0.003218145961705111,0.00022636810784584238,0.00023870380941369394,80,225,140,277,0,0.07980845969672785,0.0,1249.0,0.08547008547008547,1169.0,116.0236,182.5683,206.6325,0.0,83.0,109.64,185.9695,205.92615
measurement_573,573,0.0019245575292917093,0.00022355669103197863,0.00023982681714337372,154,226,155,421,0,0.0,5.506783719074222,469.0,0.0,1170.0,7.5,8.65,10.145,0.0,83.0,7.300050000000001,8.64,9.934999999999999
measurement_491,491,0.0019613167749482838,0.00022090700687016351,0.00014074115101391657,151,227,177,412,0,0.07980845969672785,2.07667731629393,1249.0,0.08547008547008547,1169.0,38.6632,48.4316,61.4995,0.0,83.0,36.0687,48.8074,63.0689
measurement_416,416,2.5513903003065563e-05,0.000213478498712405,0.00011933810871388471,411,228,175,335,0,0.8778930566640064,4.830917874396135,472.0,0.9401709401709402,1159.0,4.9274,6.1766,7.6163,0.0,83.0,4.777,6.3079,7.3508
measurement_580,580,0.0006810741658933083,0.000213478498712405,0.00011933810871388471,321,228,187,271,0,60.41500399042299,4.838709677419355,236.0,60.76923076923077,459.0,0.0106,0.0142,0.02015,55.42168674698795,37.0,0.0118,0.0166,0.0213
measurement_422,422,0.0005243732306703163,0.00021301190670046654,7.543179291607339e-05,352,230,182,250,0,0.1596169193934557,0.7194244604316548,1230.0,0.17094017094017094,1168.0,3.195575,3.93735,4.74055,0.0,83.0,2.7919,3.9257,4.9407
measurement_018,18,0.0020185742677137856,0.00021110684098692988,0.00011890185537303585,144,231,153,251,0,0.1596169193934557,1.0391686650679457,276.0,0.17094017094017094,1168.0,0.9684,0.9726,0.9768,0.0,83.0,0.96705,0.9709,0.9762
measurement_298,298,0.0004630102634652313,0.0002016590188728351,0.00011273081861889306,363,232,196,286,0,0.1596169193934557,9.03277378097522,1248.0,0.08547008547008547,1169.0,217.7889,829.7735,3282.3537,1.2048192771084338,82.0,193.64069999999998,825.2878000000001,3368.984425
measurement_117,117,0.0007188013593816602,0.00019802972536726583,0.00018077557940034085,313,233,164,354,0,0.0,12.529928172386274,129.0,0.0,1170.0,0.9895,0.9905,0.9909,0.0,83.0,0.98915,0.9905,0.99085
measurement_039,39,0.0007989640164437727,0.00019646330817721936,0.0001337044297211274,291,234,166,273,0,0.0,4.708699122106943,321.0,0.0,1170.0,86.57600000000001,86.81,87.00122499999999,0.0,83.0,86.5601,86.838,87.01345
measurement_175,175,0.001134481173753232,0.00019510391327741682,0.0001410860319937457,236,235,174,332,0,0.0,0.0,301.0,0.0,1170.0,0.2712,0.3234,0.368,0.0,83.0,0.29015,0.3244,0.37825
measurement_435,435,0.001668844305028565,0.00019132750279571287,0.00028793804200038224,174,236,129,415,0,0.1596169193934557,2.717825739408473,1233.0,0.08547008547008547,1169.0,7.5226,10.2443,12.8,1.2048192771084338,82.0,8.39045,11.4354,13.80885
measurement_040,40,0.000773532614807828,0.00019125659680065965,0.00016984128718116167,299,237,158,417,0,0.0,9.177972865123703,325.0,0.0,1170.0,118.0116,118.4058,118.9511,0.0,83.0,118.0917,118.2554,118.7771
measurement_005,5,0.0014031864555286249,0.00017344414198481318,0.0003792283376985667,201,238,138,455,0,0.8778930566640064,3.059581320450886,462.0,0.9401709401709402,1159.0,1.0190000000000001,1.3204,1.54995,0.0,83.0,1.0232,1.2895,1.43455
measurement_095,95,0.00021761904302470465,0.00017275674399228614,0.00018422368990456519,394,239,154,393,0,0.39904229848363926,2.1634615384615383,20.0,0.4273504273504274,1165.0,-0.0001,0.0,0.0001,0.0,83.0,-0.0001,0.0,0.0
measurement_002,2,0.0006862614153478328,0.00017100428225973462,0.00019985164086136904,318,240,170,412,0,0.23942537909018355,5.28,1213.0,0.2564102564102564,1167.0,2450.62,2497.49,2537.9750000000004,0.0,83.0,2453.335,2493.72,2529.635
measurement_147,147,0.001329065052648043,0.00016906522610946607,0.000152817939002794,205,241,149,326,0,0.1596169193934557,5.595523581135091,536.0,0.17094017094017094,1168.0,0.042874999999999996,0.0502,0.0622,0.0,83.0,0.041,0.0501,0.060149999999999995
measurement_069,69,0.0007832118920706175,0.0001626545607733565,0.00015629937129170999,297,242,185,382,0,0.3192338387869114,1.3610888710968776,1194.0,0.3418803418803419,1166.0,145.263825,147.66045,149.96705,0.0,83.0,144.81725,147.1009,149.47635
measurement_228,228,0.0007646789248704396,0.00016010887403430373,0.00014615873660890223,305,243,181,337,0,0.1596169193934557,6.954436450839328,301.0,0.17094017094017094,1168.0,0.0132,0.0165,0.0211,0.0,83.0,0.014100000000000001,0.0175,0.0239
measurement_105,105,0.00018657771584417194,0.00016010887403430373,0.00014615873660890223,398,243,176,403,0,0.1596169193934557,2.717825739408473,53.0,0.17094017094017094,1168.0,-0.0004,0.0,0.0004,0.0,83.0,-0.0004,0.0002,0.0005
measurement_325,325,0.0007324393846465536,0.00015648369766472215,0.00011493444471677483,311,245,178,274,0,0.07980845969672785,0.3194888178913738,1248.0,0.08547008547008547,1169.0,7.4846,12.4891,18.0922,0.0,83.0,8.4725,14.6668,17.75105
measurement_275,275,0.00028172738646872064,0.00015554337075966983,0.0002858290038268436,386,246,104,409,0,0.8778930566640064,6.119162640901772,477.0,0.9401709401709402,1159.0,80.992,110.2312,162.0382,0.0,83.0,88.9672,115.7327,152.95985000000002
measurement_495,495,0.0010356544707770237,0.00014558072357953033,0.00011009553753893538,253,247,218,410,0,0.0,9.018355945730248,781.0,0.0,1170.0,0.14104999999999998,0.23285,0.5524,0.0,83.0,0.12545,0.2576,0.6654
measurement_443,443,0.0009106599028751959,0.00014418444789721097,0.0001289428624035092,274,248,189,411,0,0.0,5.426975259377494,327.0,0.0,1170.0,0.8865,1.2629,1.5685,0.0,83.0,0.85375,1.1828,1.51755
measurement_501,501,0.0015406602868956603,0.00014264732001685322,5.007990991042668e-05,188,249,213,265,0,0.1596169193934557,0.0,517.0,0.17094017094017094,1168.0,0.0,0.0,507.86057500000004,0.0,83.0,0.0,0.0,459.7807
measurement_575,575,0.003633578440557407,0.00014148735864871753,0.0,68,250,221,250,0,0.0,5.506783719074222,711.0,0.0,1170.0,2.5755,2.9747,3.4925,0.0,83.0,2.53475,2.9727,3.4215999999999998
measurement_335,335,0.0006627141179221423,0.00014068497049872785,0.00011708131448082544,323,251,199,409,0,0.3192338387869114,2.241793434747798,965.0,0.3418803418803419,1166.0,0.087925,0.1286,0.210175,0.0,83.0,0.0944,0.1277,0.2072
measurement_083,83,0.0017581691720352432,0.0001401551653722466,7.124116615736848e-05,167,252,187,268,0,1.7557861133280128,2.274573517465475,776.0,1.8803418803418803,1148.0,-0.019549999999999998,0.00625,0.026325,0.0,83.0,-0.025599999999999998,0.0069,0.0276
measurement_585,585,0.0004437485382590743,0.00013888991780470762,9.778857338090598e-05,367,253,171,284,0,0.07980845969672785,3.3546325878594248,60.0,0.08547008547008547,1169.0,0.0031,0.0036,0.0041,0.0,83.0,0.003,0.0037,0.00435
measurement_525,525,0.0015151181851948989,0.00013859464909746766,0.00018304910253183666,190,254,164,421,0,0.0,0.4788507581803671,1235.0,0.0,1170.0,3.778175,4.88885,6.497225,0.0,83.0,4.162100000000001,5.1211,6.30335
measurement_550,550,0.0005758440922646966,0.00013511971148036928,1.4238491925160749e-05,341,255,226,262,0,16.839584996009577,4.606525911708253,844.0,16.666666666666664,975.0,0.23935,0.467,0.8482000000000001,19.27710843373494,67.0,0.32775,0.4883,0.8388
measurement_301,301,0.0009491607025908151,0.00013098531542561355,0.0001521923146275584,267,256,179,408,0,0.1596169193934557,2.478017585931255,847.0,0.08547008547008547,1169.0,0.0595,0.0831,0.1162,1.2048192771084338,82.0,0.055675,0.079,0.11674999999999999
measurement_322,322,0.0001620251378709672,0.0001304789771027215,9.28480155056584e-05,402,257,205,280,0,0.07980845969672785,1.9169329073482428,1224.0,0.08547008547008547,1169.0,1.6724,2.0798,2.6678,0.0,83.0,1.77305,2.076,2.5225
measurement_518,518,0.0015877004339981285,0.000130074748723219,0.0002091964619544204,182,258,152,423,0,64.56504389465283,9.234234234234235,442.0,64.01709401709401,421.0,0.9052,1.1863,1.8076,72.28915662650603,23.0,0.79655,0.9514,1.3026499999999999
measurement_024,24,0.0012353580511890812,0.00011166691111514915,7.873520108069804e-05,218,259,214,375,0,0.1596169193934557,12.310151878497203,1198.0,0.08547008547008547,1169.0,-4363.75,-3833.75,-3386.75,1.2048192771084338,82.0,-4350.9375,-3813.375,-3316.6249749999997
measurement_012,12,0.00097882643902414,0.00011153934374423802,0.00021469189396931086,265,260,163,428,0,0.1596169193934557,0.6394884092725819,366.0,0.17094017094017094,1168.0,0.9581,0.9657,0.971225,0.0,83.0,0.955,0.9629,0.96895
measurement_561,561,0.0006388997801521114,0.00010682223975062577,6.128620068541322e-05,330,261,222,367,0,0.07980845969672785,5.431309904153355,325.0,0.08547008547008547,1169.0,0.0362,0.0586,0.0871,0.0,83.0,0.0398,0.0642,0.0989
measurement_281,281,0.0007860048824598563,0.00010347158571897275,0.00013131376219731124,296,262,211,413,0,0.1596169193934557,2.6378896882494005,233.0,0.17094017094017094,1168.0,0.0142,0.017,0.0207,0.0,83.0,0.01345,0.0164,0.02035
measurement_409,409,0.0005703150403154307,9.987052905091609e-05,0.00014410607524599085,344,263,188,404,0,0.23942537909018355,3.84,546.0,0.2564102564102564,1167.0,4.1625,4.972,5.7953,0.0,83.0,3.9463999999999997,4.7214,5.39905
measurement_572,572,0.003074662846222749,9.869808168254668e-05,0.00018787715539972155,84,264,158,418,0,0.0,3.750997605746209,699.0,0.0,1170.0,1.9812,2.113,2.285325,0.0,83.0,1.9675,2.1968,2.2998
measurement_076,76,0.002654863463252645,9.837071838656453e-05,0.0006510275634019132,104,265,85,462,0,1.7557861133280128,2.1933387489845653,615.0,1.8803418803418803,1148.0,-0.01915,-0.0056500000000000005,0.0074,0.0,83.0,-0.0201,-0.0042,0.0049499999999999995
measurement_498,498,0.0007692345584941503,9.430738018549878e-05,0.00014532890561460887,301,266,177,406,0,3.2721468475658417,2.722772277227723,1210.0,3.5042735042735043,1129.0,8.0114,10.7792,14.2575,0.0,83.0,8.71485,11.4069,14.1996
measurement_420,420,0.0002984763704589356,9.408694541392925e-05,0.0001035055869216805,384,267,214,339,0,0.1596169193934557,0.0,667.0,0.17094017094017094,1168.0,0.0,262.65245000000004,578.5018,0.0,83.0,0.0,310.47,546.7345
measurement_414,414,0.0009116443650630247,9.362604226716975e-05,0.0001515931212087269,273,268,173,413,0,0.8778930566640064,3.7037037037037033,477.0,0.9401709401709402,1159.0,11.3539,20.2645,30.345799999999997,0.0,83.0,10.1292,18.7508,30.0556
measurement_360,360,0.0018457871051962304,9.235657245798556e-05,0.000303048099629211,159,269,126,433,0,0.0,0.7182761372705506,210.0,0.0,1170.0,0.0138,0.0196,0.0249,0.0,83.0,0.0142,0.0193,0.02495
measurement_433,433,0.0006682499015121711,8.90644904510296e-05,0.00012195657623183095,322,270,215,351,0,0.1596169193934557,7.3541167066346915,1209.0,0.08547008547008547,1169.0,31.3496,58.7665,122.8049,1.2048192771084338,82.0,31.952525,57.09675,117.542025
measurement_475,475,0.001567183036615036,8.787191598214061e-05,9.280776033513821e-05,183,271,215,348,0,0.39904229848363926,4.487179487179487,1247.0,0.4273504273504274,1165.0,22.9987,32.3238,44.6581,0.0,83.0,24.79655,33.7542,43.4464
measurement_025,25,0.0009089371902548251,8.7719298245581e-05,4.903657845392429e-05,276,272,246,369,0,0.1596169193934557,7.274180655475619,1197.0,0.08547008547008547,1169.0,-1476.0,-96.6667,1390.5,1.2048192771084338,82.0,-1705.354175,-81.125,1190.625
measurement_047,47,0.00012257482372432938,8.7719298245581e-05,4.9036578453924296e-05,405,272,242,361,0,0.07980845969672785,0.3194888178913738,1249.0,0.08547008547008547,1169.0,724.3619,733.4095,742.0584,0.0,83.0,723.4217,732.2325,741.0467000000001
measurement_390,390,0.000896052319206871,8.7719298245581e-05,4.903657845392429e-05,279,272,241,314,0,0.0,12.689545091779728,82.0,0.0,1170.0,0.0002,0.0003,0.0004,0.0,83.0,0.0002,0.0003,0.0004
measurement_519,519,0.0005294912342960309,8.637837199614307e-05,0.00012363377390621545,351,275,177,394,0,64.56504389465283,1.1261261261261262,440.0,64.01709401709401,421.0,1.1535,1.5895,1.9444,72.28915662650603,23.0,1.2734999999999999,1.5877,1.86985
measurement_555,555,0.0002914196355646925,8.489241518923052e-05,7.749581793372626e-05,385,276,232,374,0,16.839584996009577,3.358925143953935,813.0,16.666666666666664,975.0,0.34585,0.4759,0.562,19.27710843373494,67.0,0.3448,0.4836,0.59615
measurement_120,120,0.0011499763936228483,8.43428327828466e-05,0.00017276230895950354,233,277,190,420,0,0.0,0.1596169193934557,238.0,0.0,1170.0,0.9649,0.9697,0.9784,0.0,83.0,0.966,0.9702,0.9781500000000001
measurement_214,214,0.003395968493261879,8.335064441480355e-05,0.0003251665827724727,74,278,142,453,0,1.7557861133280128,2.1121039805036554,717.0,1.8803418803418803,1148.0,0.0367,0.0558,0.073625,0.0,83.0,0.0426,0.0574,0.0823
measurement_484,484,9.678334147572523e-05,8.20723475729812e-05,0.0001323070714751002,407,279,214,432,0,1.7557861133280128,7.961007311129163,1125.0,1.8803418803418803,1148.0,81.336025,148.73885,263.34245,0.0,83.0,81.1225,137.89,243.3451
measurement_067,67,0.001546083667641323,7.663684326351117e-05,0.00034857444530706204,187,280,118,449,0,0.3192338387869114,0.4003202562049639,1248.0,0.3418803418803419,1166.0,698.577425,706.4667999999999,714.901775,0.0,83.0,698.55345,705.0071,714.2222999999999
measurement_114,114,0.0009143150378115479,7.419405824087289e-05,0.00026364708634216003,272,281,168,449,0,0.0,2.314445331205108,433.0,0.0,1170.0,0.93865,0.9464,0.9522,0.0,83.0,0.93895,0.9481,0.952
measurement_213,213,0.0007259415644344263,6.780726199235864e-05,6.189927825979587e-05,312,282,244,323,0,1.7557861133280128,5.117790414297319,603.0,1.8803418803418803,1148.0,0.032375,0.0412,0.061825,0.0,83.0,0.0311,0.04,0.07045
measurement_527,527,0.0022026724751368315,6.661158612968343e-05,0.00035583375901971655,132,283,144,446,0,0.0,0.23942537909018355,1212.0,0.0,1170.0,0.46792500000000004,1.51425,2.18485,0.0,83.0,0.43825000000000003,1.4988,2.09705
measurement_176,176,0.0014113677315844603,6.601749463608364e-05,9.039817750539829e-05,199,284,228,347,0,0.0,1.8355945730247407,321.0,0.0,1170.0,0.6916,0.7668,0.8439,0.0,83.0,0.73285,0.8014,0.85925
measurement_121,121,0.0005683534222498104,6.601749463608364e-05,9.039817750539829e-05,345,284,229,398,0,0.0,3.1125299281723864,1057.0,0.0,1170.0,6.246,6.314,6.373575,0.0,83.0,6.2096,6.3099,6.37995
measurement_044,44,0.0007603967012052334,6.578947368418575e-05,6.005729797203507e-05,307,286,248,386,0,0.07980845969672785,0.07987220447284345,1228.0,0.08547008547008547,1169.0,350.7545,353.54,360.6764,0.0,83.0,350.7464,354.0755,359.20095000000003
measurement_078,78,0.0002413176755088735,6.578947368418575e-05,6.0057297972035065e-05,391,286,252,387,0,1.7557861133280128,2.4370430544272947,740.0,1.8803418803418803,1148.0,-0.029125,-0.0094,0.0098,0.0,83.0,-0.0293,-0.0066,0.0148
measurement_217,217,0.000492247337520773,6.549672845610477e-05,0.0001758042403683337,360,288,206,443,0,1.7557861133280128,4.1429731925264015,653.0,1.8803418803418803,1148.0,0.0702,0.0848,0.0973,0.0,83.0,0.0683,0.082,0.10055
measurement_551,551,0.0006440726278986453,6.462552061048399e-05,0.00010067583510326555,329,289,245,417,0,16.839584996009577,1.1516314779270633,654.0,16.666666666666664,975.0,14.53,16.31,18.93,19.27710843373494,67.0,14.53,16.73,19.935000000000002
measurement_181,181,0.0006506419888414647,5.9624845308881015e-05,7.294007128970136e-05,326,290,241,272,0,0.07980845969672785,1.1980830670926517,781.0,0.08547008547008547,1169.0,16.91,18.81,21.11,0.0,83.0,15.96,17.69,20.439999999999998
measurement_553,553,0.000849474256516615,5.6594943459487015e-05,7.749581793372626e-05,287,291,231,391,0,16.839584996009577,4.414587332053743,792.0,16.666666666666664,975.0,0.0965,0.1969,0.35845,19.27710843373494,67.0,0.129,0.2122,0.3412
measurement_458,458,0.0011237680705988792,5.540743811840443e-05,0.00010611719570680329,242,292,209,414,0,0.07980845969672785,2.8753993610223643,1240.0,0.08547008547008547,1169.0,3.8558,4.8357,6.132,0.0,83.0,3.9894,4.814,5.9897
measurement_448,448,0.0007675228356983366,5.190169235529396e-05,5.0079909910426675e-05,302,293,220,276,0,0.0,1.3567438148443736,309.0,0.0,1170.0,0.2334,0.2821,0.340075,0.0,83.0,0.23185,0.2821,0.33565
measurement_349,349,0.0034090243444983947,4.9668810559233556e-05,0.00016674089974715872,73,294,222,440,0,1.7557861133280128,6.092607636068237,330.0,1.8803418803418803,1148.0,0.018075,0.0226,0.0273,0.0,83.0,0.019000000000000003,0.0236,0.036699999999999997
measurement_215,215,0.0004485441017472148,4.7462670907605364e-05,0.0001262318158741681,366,295,230,432,0,1.7557861133280128,4.224207961007311,707.0,1.8803418803418803,1148.0,0.0572,0.07555,0.093625,0.0,83.0,0.05445,0.0729,0.08760000000000001
measurement_307,307,0.0011054004750649233,4.629454071651829e-05,6.353737574169503e-05,247,296,250,290,0,0.0,6.145251396648044,259.0,0.0,1170.0,0.0331,0.0448,0.054875,0.0,83.0,0.03295,0.0447,0.0553
measurement_485,485,0.0013844636447956078,3.970368181371864e-05,0.00019831931871470924,202,297,174,430,0,1.7557861133280128,6.742485783915515,1059.0,1.8803418803418803,1148.0,77.1931,144.20445,299.703725,0.0,83.0,53.93015,136.5617,259.5659
measurement_304,304,0.0011271741331744863,3.6120320298427266e-05,0.00034073059513505324,240,298,154,448,0,0.1596169193934557,1.1990407673860912,478.0,0.08547008547008547,1169.0,0.0303,0.0393,0.0486,1.2048192771084338,82.0,0.029525,0.03775,0.049049999999999996
measurement_109,109,0.0009100839788059021,3.48681060458933e-05,0.00017731401054285097,275,299,195,426,0,0.39904229848363926,2.644230769230769,993.0,0.4273504273504274,1165.0,-0.0641,-0.0111,0.0374,0.0,83.0,-0.06515000000000001,-0.021,0.03185
measurement_064,64,0.0005460406100260558,3.0275847043004233e-05,0.00014138409610230262,348,300,183,424,0,0.39904229848363926,3.766025641025641,1235.0,0.4273504273504274,1165.0,10.5628,13.2509,16.2055,0.0,83.0,10.2208,13.1337,17.7464
measurement_584,584,0.0015535793208669524,2.5620034748286004e-05,0.00013990045204761973,186,301,196,416,0,0.07980845969672785,4.872204472843451,210.0,0.08547008547008547,1169.0,0.0116,0.0138,0.0164,0.0,83.0,0.0115,0.0144,0.0169
measurement_492,492,0.00053931691340941,2.4992594092498877e-05,6.16457260813194e-05,350,302,238,410,0,0.8778930566640064,4.669887278582931,436.0,0.9401709401709402,1159.0,1.7471,2.2508,2.8398,0.0,83.0,1.7459500000000001,2.3187,2.9595000000000002
measurement_474,474,0.0010523744367514501,2.4769967320281695e-05,0.00010485833815895715,252,303,230,427,0,0.39904229848363926,4.326923076923077,1246.0,0.4273504273504274,1165.0,24.7625,34.0708,47.3922,0.0,83.0,27.5258,32.6342,47.06755
measurement_011,11,0.001854575530301029,2.349502110359225e-05,0.0003056310081101024,158,304,141,453,0,0.1596169193934557,2.7977617905675456,363.0,0.17094017094017094,1168.0,-0.005225,0.0005,0.005725,0.0,83.0,-0.0019000000000000002,0.0025,0.00775
measurement_135,135,0.0003764735927108542,2.260242066411955e-05,5.0540549061017254e-05,373,305,243,350,0,0.5586592178770949,1.6853932584269662,325.0,0.5982905982905984,1163.0,37.3925,38.9026,40.8046,0.0,83.0,37.0317,38.7769,40.717
measurement_434,434,0.00025715006272140944,2.192982456139525e-05,4.903657845392429e-05,387,306,253,352,0,0.1596169193934557,3.8369304556354913,1102.0,0.08547008547008547,1169.0,9.6245,154.4763,309.4587,1.2048192771084338,82.0,13.202275,166.19945,309.13182500000005
measurement_212,212,0.0022440790426439283,1.9912661054810597e-05,0.00020624111739327733,128,307,181,441,0,1.7557861133280128,4.8740861088545895,589.0,1.8803418803418803,1148.0,0.043775,0.0534,0.0642,0.0,83.0,0.044399999999999995,0.0518,0.06025
measurement_577,577,0.0005077670964933789,1.9847760565516737e-05,0.0001640126510243334,358,308,199,435,0,0.0,5.58659217877095,704.0,0.0,1170.0,1.4103999999999999,1.6193,1.903775,0.0,83.0,1.36825,1.6245,1.8709500000000001
measurement_255,255,0.00024250200306903834,1.69322648279735e-05,0.00016645920927158009,389,309,222,437,0,0.0,0.23942537909018355,276.0,0.0,1170.0,0.0046,0.0147,0.021075,0.0,83.0,0.0043,0.0145,0.0202
measurement_138,138,0.005449560401265562,1.592584059226798e-05,0.0010659133500330346,37,310,50,465,0,0.23942537909018355,0.16,906.0,0.2564102564102564,1167.0,80.6,117.0,161.64999999999998,0.0,83.0,99.75,139.7,164.0
measurement_526,526,0.00077235583646777,1.582683198506629e-05,5.42140593077171e-05,300,311,253,413,0,1.7557861133280128,2.680747359870024,1220.0,1.8803418803418803,1148.0,4.090825000000001,5.1025,6.3027,0.0,83.0,4.309200000000001,4.9449,6.0135000000000005
measurement_460,460,0.0009815564501016272,1.2011516385190824e-05,0.00010994510741024468,264,312,230,432,0,0.07980845969672785,0.4792332268370607,1221.0,0.08547008547008547,1169.0,2.3157,2.8364,3.3095,0.0,83.0,2.53165,2.9238,3.3484
measurement_438,438,0.0011613953437068212,1.1296965957696692e-05,5.9605505167829784e-05,230,313,248,412,0,0.1596169193934557,2.877697841726619,1208.0,0.08547008547008547,1169.0,3.0538,3.7261,4.6392,1.2048192771084338,82.0,3.133325,3.96495,4.8980250000000005
measurement_554,554,0.000208961109194692,9.120468314360863e-07,9.385102412622178e-05,395,314,231,425,0,16.839584996009577,1.9193857965451053,868.0,16.666666666666664,975.0,6.7381,7.3599,8.59625,19.27710843373494,67.0,6.7381,7.5999,8.766449999999999
measurement_111,111,0.0028614543542431884,5.49864505772213e-07,0.00016073635446190994,94,315,219,440,0,64.56504389465283,8.783783783783784,442.0,64.01709401709401,421.0,100.3652,101.4712,102.0571,72.28915662650603,23.0,101.3007,101.6006,102.23315
measurement_216,216,0.00042697190960089753,2.0600409076365622e-07,7.954795753459147e-05,369,316,237,422,0,1.7557861133280128,1.2185215272136474,718.0,1.8803418803418803,1148.0,0.062875,0.0832,0.0981,0.0,83.0,0.06505,0.0815,0.09695000000000001
measurement_589,589,0.0001691616813226279,0.0,0.0,401,317,268,373,0,0.07980845969672785,4.313099041533546,118.0,0.08547008547008547,1169.0,0.0033,0.0046,0.0064,0.0,83.0,0.0037,0.0053,0.00695
measurement_587,587,0.0,0.0,0.0,412,317,269,283,0,0.07980845969672785,2.07667731629393,305.0,0.08547008547008547,1169.0,0.0133,0.0205,0.0276,0.0,83.0,0.01465,0.0207,0.02875
measurement_581,581,0.0,0.0,0.0,412,317,270,285,0,60.41500399042299,5.64516129032258,116.0,60.76923076923077,459.0,0.0034,0.0046,0.0065,55.42168674698795,37.0,0.0037,0.0054,0.0071
measurement_590,590,0.0,0.0,0.0,412,317,275,372,0,0.07980845969672785,7.987220447284344,543.0,0.08547008547008547,1169.0,44.1194,71.0842,116.1088,0.0,83.0,45.554950000000005,76.6094,128.2819
measurement_008,8,0.0005104456315079116,0.0,0.0,357,317,272,288,0,0.6384676775738228,0.7228915662650602,86.0,0.6837606837606838,1162.0,0.1211,0.1223,0.1238,0.0,83.0,0.1211,0.1222,0.1236
measurement_387,387,0.0011932764380029692,0.0,0.0,225,317,313,331,0,0.0,3.5913806863527533,184.0,0.0,1170.0,0.0049,0.0068,0.0093,0.0,83.0,0.00435,0.0069,0.0098
measurement_385,385,0.0,0.0,0.0,412,317,296,330,0,64.56504389465283,1.3513513513513513,436.0,64.01709401709401,421.0,0.8308,1.1085,1.403,72.28915662650603,23.0,0.9271,1.1061,1.2601
measurement_406,406,0.0,0.0,0.0,412,317,298,336,0,0.5586592178770949,0.0,223.0,0.5982905982905984,1163.0,0.01425,0.0239,0.0323,0.0,83.0,0.011550000000000001,0.0234,0.03275
measurement_388,388,0.0,0.0,0.0,412,317,295,321,0,0.0,1.5163607342378291,19.0,0.0,1170.0,0.0,0.0,0.0,0.0,83.0,0.0,0.0,0.0
measurement_358,358,0.0,0.0,0.0,412,317,291,310,0,0.8778930566640064,4.3478260869565215,27.0,0.9401709401709402,1159.0,0.0007,0.0009,0.0011,0.0,83.0,0.0007,0.0009,0.00115
measurement_359,359,0.0,0.0,0.0,412,317,295,311,0,85.71428571428571,1.1173184357541899,20.0,85.64102564102564,168.0,0.0022,0.0024,0.0027,86.74698795180723,11.0,0.00195,0.0024,0.0028
measurement_362,362,4.894396386412439e-05,0.0,0.0,409,317,294,312,0,0.0,0.7182761372705506,836.0,0.0,1170.0,32.354324999999996,40.025,47.1719,0.0,83.0,30.7485,38.5539,48.1459
measurement_363,363,0.0,0.0,0.0,412,317,285,313,0,3.2721468475658417,11.138613861386139,346.0,3.5042735042735043,1129.0,0.0094,0.0124,0.0183,0.0,83.0,0.0092,0.012,0.0166
measurement_368,368,0.0,0.0,0.0,412,317,292,312,0,0.39904229848363926,10.817307692307693,102.0,0.4273504273504274,1165.0,0.0026,0.0032,0.0042,0.0,83.0,0.0026,0.0033,0.0043
measurement_369,369,0.0009293871983390684,0.0,0.0,270,317,298,328,0,0.39904229848363926,9.294871794871796,87.0,0.4273504273504274,1165.0,0.0022,0.0028,0.0036,0.0,83.0,0.0024,0.0031,0.00385
measurement_377,377,0.0,0.0,0.0,412,317,295,329,0,0.1596169193934557,1.0391686650679457,35.0,0.17094017094017094,1168.0,0.0012,0.0016,0.0019,0.0,83.0,0.0013,0.0016,0.00195
measurement_351,351,0.0006081682826010491,0.0,0.0,336,317,287,306,0,1.7557861133280128,4.467912266450041,404.0,1.8803418803418803,1148.0,0.0144,0.0187,0.028025,0.0,83.0,0.013850000000000001,0.0187,0.0319
measurement_345,345,0.0004322601028632651,0.0,0.0,368,317,286,294,0,0.3192338387869114,1.0408326661329064,1242.0,0.3418803418803419,1166.0,17.713425,23.0871,28.871475,0.0,83.0,17.65605,23.1316,27.345
measurement_344,344,0.0003453959003072109,0.0,0.0,377,317,284,295,0,0.3192338387869114,1.6012810248198557,1242.0,0.3418803418803419,1166.0,5.046925,6.03155,6.88745,0.0,83.0,5.23645,6.1375,7.02335
measurement_321,321,0.0,0.0,0.0,412,317,278,292,0,0.07980845969672785,2.7156549520766773,503.0,0.08547008547008547,1169.0,0.0313,0.04,0.0504,0.0,83.0,0.030100000000000002,0.0394,0.0495
measurement_355,355,2.5580364675116404e-05,0.0,0.0,410,317,296,309,0,1.7557861133280128,3.086921202274574,456.0,1.8803418803418803,1148.0,0.035475,0.0444,0.05,0.0,83.0,0.0312,0.0435,0.04935
measurement_247,247,0.0,0.0,0.0,412,317,290,341,0,64.56504389465283,1.3513513513513513,442.0,64.01709401709401,421.0,2.6896,3.673,4.4813,72.28915662650603,23.0,2.93975,3.6509,4.3047
measurement_249,249,0.0,0.0,0.0,412,317,297,338,0,0.0,4.07023144453312,406.0,0.0,1170.0,0.014925,0.021,0.0275,0.0,83.0,0.012799999999999999,0.0215,0.0284
measurement_250,250,0.0,0.0,0.0,412,317,298,318,0,0.0,1.5163607342378291,20.0,0.0,1170.0,0.0,0.0,0.0,0.0,83.0,0.0,0.0,0.0
measurement_449,449,0.0004960145027224363,0.0,0.0,359,317,325,350,0,0.0,13.567438148443737,318.0,0.0,1170.0,0.1857,0.2473,0.3464,0.0,83.0,0.1937,0.243,0.3564
measurement_293,293,0.0,0.0,0.0,412,317,288,299,0,91.14126097366321,9.90990990990991,81.0,91.11111111111111,104.0,0.008674999999999999,0.011300000000000001,0.0151,91.56626506024097,7.0,0.008400000000000001,0.0116,0.01295
measurement_290,290,0.000457125467367566,0.0,0.0,365,317,284,308,0,0.1596169193934557,1.0391686650679457,1219.0,0.17094017094017094,1168.0,2.09865,2.54635,3.01255,0.0,83.0,1.8822,2.4599,3.0143
measurement_282,282,0.0,0.0,0.0,412,317,293,306,0,0.1596169193934557,5.995203836930456,221.0,0.17094017094017094,1168.0,0.0119,0.01395,0.0167,0.0,83.0,0.0119,0.0136,0.016300000000000002
measurement_294,294,0.0,0.0,0.0,412,317,286,298,0,91.14126097366321,3.6036036036036037,111.0,91.11111111111111,104.0,222.679,312.324,403.7869,91.56626506024097,7.0,345.40855,393.1968,449.7068
measurement_407,407,0.0001474441588617058,0.0,0.0,403,317,316,345,0,0.5586592178770949,0.0,325.0,0.5982905982905984,1163.0,4.6088,5.9663,8.7276,0.0,83.0,4.5411,6.1702,9.4604
measurement_297,297,0.0,0.0,0.0,412,317,280,293,0,0.1596169193934557,7.434052757793765,1251.0,0.08547008547008547,1169.0,614.2006,1202.103,2445.5209,1.2048192771084338,82.0,588.74525,1198.65005,2164.4418
measurement_302,302,0.0,0.0,0.0,412,317,281,303,0,0.1596169193934557,3.6770583533173458,955.0,0.08547008547008547,1169.0,0.7138,0.8471,1.0378,1.2048192771084338,82.0,0.7289249999999999,0.91075,1.065175
measurement_269,269,0.0,0.0,0.0,412,317,300,323,0,0.5586592178770949,0.0,324.0,0.5982905982905984,1163.0,13.91,18.14,24.729,0.0,83.0,13.314,18.02,26.212
measurement_252,252,0.0,0.0,0.0,412,317,299,317,0,0.0,13.248204309656824,126.0,0.0,1170.0,0.0007,0.001,0.0013,0.0,83.0,0.0007,0.001,0.00135
measurement_437,437,0.0005146558119931823,0.0,0.0,355,317,319,353,0,0.1596169193934557,3.277378097521982,1241.0,0.08547008547008547,1169.0,1.9749,2.8024,3.9029,1.2048192771084338,82.0,1.8011,2.6443000000000003,3.6961500000000003
measurement_455,455,0.0,0.0,0.0,412,317,323,353,0,0.07980845969672785,2.476038338658147,1245.0,0.08547008547008547,1169.0,5.8462,7.4461,9.5768,0.0,83.0,6.1852,6.988,8.860299999999999
measurement_439,439,0.0005497457847567895,0.0,0.0,347,317,319,359,0,0.1596169193934557,3.1974420463629096,845.0,0.08547008547008547,1169.0,36.6516,50.0,66.9767,1.2048192771084338,82.0,38.124224999999996,51.67585,67.5207
measurement_152,152,0.00040229544959638795,0.0,0.0,371,317,318,358,0,0.1596169193934557,1.9184652278177456,1210.0,0.17094017094017094,1168.0,8.159749999999999,11.006499999999999,14.28675,0.0,83.0,7.538,11.214,14.5505
measurement_119,119,0.0009084706050509736,0.0,0.0,277,317,332,397,0,1.7557861133280128,2.0308692120227456,311.0,1.8803418803418803,1148.0,0.5942,0.5992,0.603325,0.0,83.0,0.5935,0.5981,0.60165
measurement_132,132,0.0006061694095042645,0.0,0.0,338,317,338,353,0,0.6384676775738228,0.8835341365461846,68.0,0.6837606837606838,1162.0,0.9963,0.9977,0.9989,0.0,83.0,0.9965,0.9978,0.9989
measurement_115,115,0.0,0.0,0.0,412,317,333,401,0,0.0,1.5163607342378291,17.0,0.0,1170.0,0.0,0.0,0.0,0.0,83.0,0.0,0.0,0.0
measurement_090,90,0.0,0.0,0.0,412,317,384,396,0,3.2721468475658417,0.825082508250825,588.0,3.5042735042735043,1129.0,0.1693,0.19,0.2003,0.0,83.0,0.16235,0.1855,0.19879999999999998
measurement_084,84,0.0,0.0,0.0,412,317,374,395,0,0.07980845969672785,0.7987220447284344,1212.0,0.08547008547008547,1169.0,7.1125,7.481,7.8115,0.0,83.0,7.101649999999999,7.4191,7.74885
measurement_102,102,0.0,0.0,0.0,412,317,368,397,0,0.39904229848363926,4.246794871794872,26.0,0.4273504273504274,1165.0,-0.0001,0.0,0.0001,0.0,83.0,-0.0001,0.0,0.0001
measurement_101,101,0.0016693625446468066,0.0,0.0,173,317,356,399,0,0.39904229848363926,2.403846153846154,33.0,0.4273504273504274,1165.0,-0.0002,0.0,0.0002,0.0,83.0,-0.0002,0.0,0.00025
measurement_159,159,0.0,0.0,0.0,412,317,342,366,0,91.14126097366321,1.8018018018018018,111.0,91.11111111111111,104.0,690.849975,1024.94995,1261.699825,91.56626506024097,7.0,1084.74975,1294.7998,1433.4499500000002
measurement_167,167,0.0,0.0,0.0,412,317,308,363,0,0.1596169193934557,3.357314148681055,60.0,0.08547008547008547,1169.0,2.1,2.6,3.2,1.2048192771084338,82.0,2.1,2.8,3.3
measurement_163,163,0.0,0.0,0.0,412,317,309,362,0,0.1596169193934557,9.03277378097522,1084.0,0.08547008547008547,1169.0,464.0,1807.0,6729.0,1.2048192771084338,82.0,406.5,1738.5,7003.25
measurement_480,480,0.0002498508199207492,0.0,0.0,388,317,342,392,0,0.3192338387869114,1.8414731785428344,1214.0,0.3418803418803419,1166.0,2.6458,3.1947,3.6283000000000003,0.0,83.0,2.82045,3.285,3.8053999999999997
measurement_471,471,0.0,0.0,0.0,412,317,340,393,0,0.3192338387869114,2.00160128102482,1239.0,0.3418803418803419,1166.0,2.79565,3.9851,6.8667750000000005,0.0,83.0,2.8057499999999997,4.3938,7.0732
measurement_184,184,0.000616151524168846,0.0,0.0,335,317,311,354,0,0.07980845969672785,0.4792332268370607,1208.0,0.08547008547008547,1169.0,21.283,27.544,31.786,0.0,83.0,22.894,29.919,32.519000000000005
measurement_188,188,0.001959220291287684,0.0,0.0,152,317,310,358,0,0.07980845969672785,0.3993610223642172,876.0,0.08547008547008547,1169.0,14.64,17.86,20.93,0.0,83.0,16.03,18.34,21.3
measurement_171,171,0.00019652723760808026,0.0,0.0,397,317,318,357,0,0.0,0.1596169193934557,323.0,0.0,1170.0,0.5774,0.686,0.791,0.0,83.0,0.57935,0.6995,0.84045
measurement_172,172,0.0,0.0,0.0,412,317,322,358,0,0.0,5.746209098164405,300.0,0.0,1170.0,0.0788,0.1125,0.140175,0.0,83.0,0.0809,0.1079,0.1404
measurement_177,177,0.0,0.0,0.0,412,317,315,352,0,0.0,0.5586592178770949,312.0,0.0,1170.0,0.2014,0.245,0.2963,0.0,83.0,0.20140000000000002,0.245,0.29235
measurement_178,178,0.0,0.0,0.0,412,317,314,351,0,0.0,13.567438148443737,243.0,0.0,1170.0,0.221,0.296,0.4135,0.0,83.0,0.229,0.287,0.4205
measurement_169,169,0.0,0.0,0.0,412,317,316,364,0,0.1596169193934557,1.518784972022382,197.0,0.08547008547008547,1169.0,0.091,0.121,0.151,1.2048192771084338,82.0,0.0905,0.116,0.14375
measurement_222,222,0.0,0.0,0.0,412,317,311,341,0,0.0,0.5586592178770949,393.0,0.0,1170.0,0.0404,0.060200000000000004,0.076375,0.0,83.0,0.0432,0.0592,0.07665
measurement_220,220,0.0,0.0,0.0,412,317,323,339,0,0.8778930566640064,4.3478260869565215,63.0,0.9401709401709402,1159.0,0.0023,0.003,0.0038,0.0,83.0,0.0023499999999999997,0.0031,0.0039
measurement_221,221,8.18216345341143e-05,0.0,0.0,408,317,320,340,0,85.71428571428571,0.5586592178770949,68.0,85.64102564102564,168.0,0.0079,0.0091,0.0105,86.74698795180723,11.0,0.0074,0.0085,0.010249999999999999
measurement_245,245,0.0,0.0,0.0,412,317,316,344,0,64.56504389465283,4.72972972972973,62.0,64.01709401709401,421.0,0.0012,0.0017,0.0025,72.28915662650603,23.0,0.00115,0.0019,0.00275
measurement_225,225,0.0,0.0,0.0,412,317,309,342,0,3.2721468475658417,11.138613861386139,633.0,3.5042735042735043,1129.0,0.0295,0.0395,0.0594,0.0,83.0,0.02825,0.038,0.05405
measurement_442,442,0.00019777333763805498,0.0,0.0,396,317,334,360,0,0.0,0.0,317.0,0.0,1170.0,0.6815,0.8047,0.9251,0.0,83.0,0.6836,0.8089,0.99295
measurement_444,444,0.0,0.0,0.0,412,317,335,361,0,0.0,0.5586592178770949,322.0,0.0,1170.0,0.537825,0.6412,0.7265,0.0,83.0,0.5743,0.6451,0.75165
measurement_079,79,0.0,0.0,0.0,412,317,371,388,0,1.7557861133280128,1.0560519902518277,854.0,1.8803418803418803,1148.0,-0.0475,-0.0129,0.012325,0.0,83.0,-0.060399999999999995,-0.0254,0.00595
measurement_086,86,0.0003185083109963484,0.0,0.0,382,317,376,398,0,85.71428571428571,0.0,86.0,85.64102564102564,168.0,0.111175,0.1138,0.115,86.74698795180723,11.0,0.10875,0.1121,0.11410000000000001
measurement_094,94,0.0,0.0,0.0,412,317,357,394,0,0.1596169193934557,7.59392486011191,165.0,0.17094017094017094,1168.0,-0.0016,-0.0002,0.0011,0.0,83.0,-0.00135,-0.0003,0.0012000000000000001
measurement_522,522,0.0,0.0,0.0,412,317,359,394,0,0.0,1.4365522745411012,9.0,0.0,1170.0,0.0,0.0,0.0,0.0,83.0,0.0,0.0,0.0
measurement_521,521,0.0007661110672795594,0.0,0.0,304,317,358,395,0,0.0,4.07023144453312,1233.0,0.0,1170.0,1.5834249999999999,2.22595,2.90815,0.0,83.0,1.33915,2.2862,3.0195
measurement_517,517,0.0,0.0,0.0,412,317,368,397,0,64.56504389465283,4.72972972972973,411.0,64.01709401709401,421.0,0.1181,0.1725,0.2589,72.28915662650603,23.0,0.1189,0.1929,0.2828
measurement_496,496,0.0,0.0,0.0,412,317,385,404,0,0.0,1.9952114924181963,829.0,0.0,1170.0,5.270225,6.65,7.983875,0.0,83.0,5.26905,6.5915,7.59005
measurement_158,158,0.0,0.0,0.0,412,317,343,367,0,91.14126097366321,9.00900900900901,104.0,91.11111111111111,104.0,0.027424999999999998,0.0361,0.049925,91.56626506024097,7.0,0.02795,0.0381,0.0441
measurement_493,493,0.0,0.0,0.0,412,317,381,404,0,85.71428571428571,1.675977653631285,179.0,85.64102564102564,168.0,6.92765,8.0215,9.216025,86.74698795180723,11.0,6.59835,7.9352,9.0948
measurement_494,494,0.0,0.0,0.0,412,317,380,405,0,0.0,0.5586592178770949,529.0,0.0,1170.0,1.6654,2.51835,3.1887749999999997,0.0,83.0,1.7835,2.4585,3.18645
measurement_486,486,0.0,0.0,0.0,412,317,370,401,0,1.7557861133280128,7.311129163281885,1086.0,1.8803418803418803,1148.0,51.004125,110.19405,288.44304999999997,0.0,83.0,43.3591,97.4939,226.36919999999998
measurement_545,545,0.0,0.0,0.0,412,317,376,404,0,0.1596169193934557,15.667466027178257,21.0,0.17094017094017094,1168.0,0.0024,0.0026,0.0026,0.0,83.0,0.00255,0.0026,0.0026
measurement_547,547,0.0004591714760076147,0.0,0.0,364,317,377,398,0,16.839584996009577,1.9193857965451053,843.0,16.666666666666664,975.0,0.7948,0.9113,1.2849,19.27710843373494,67.0,0.71835,0.8273,1.27705
measurement_549,549,0.00023829970609995656,0.0,0.0,392,317,373,381,0,16.839584996009577,0.0,793.0,16.666666666666664,975.0,73.254,74.05,78.214,19.27710843373494,67.0,73.254,74.074,79.13499999999999
measurement_552,552,0.0001123571429841525,0.0,0.0,406,317,371,380,0,16.839584996009577,3.262955854126679,204.0,16.666666666666664,975.0,0.87,1.15,1.37,19.27710843373494,67.0,0.855,1.22,1.395
measurement_074,74,0.0,0.0,0.0,412,317,372,390,0,50.59856344772547,3.715670436187399,619.0,51.70940170940172,565.0,464.4832,466.1819,467.9266,34.93975903614458,54.0,464.7321,466.2263,468.3077
measurement_063,63,0.0,0.0,0.0,412,317,355,385,0,0.3192338387869114,2.401921537229784,1221.0,0.3418803418803419,1166.0,112.112275,116.23955000000001,120.999075,0.0,83.0,110.3259,115.6273,121.24545
measurement_071,71,0.0,0.0,0.0,412,317,356,383,0,0.3192338387869114,0.5604483586869495,1226.0,0.3418803418803419,1166.0,612.705,619.07865,625.3041000000001,0.0,83.0,611.8063500000001,618.2173,623.4864
measurement_568,568,0.00029915964401098225,0.0,0.0,383,317,363,373,0,17.557861133280127,4.065827686350436,534.0,17.094017094017094,970.0,0.0382,0.0492,0.07527500000000001,24.096385542168676,63.0,0.0382,0.0534,0.0745
measurement_033,33,0.0,0.0,0.0,412,317,360,399,0,0.0,2.0750199521149244,330.0,0.0,1170.0,84.4782,85.1197,85.7419,0.0,83.0,84.58115000000001,85.1817,85.70005
measurement_004,4,0.0016071062463468518,0.0,0.0,179,317,280,397,0,0.8778930566640064,3.22061191626409,477.0,0.9401709401709402,1159.0,1083.8858,1287.3538,1590.1699,0.0,83.0,1057.4939,1222.6067,1534.5659
measurement_566,566,0.0,0.0,0.0,412,317,365,403,0,17.557861133280127,3.3881897386253628,627.0,17.094017094017094,970.0,0.0877,0.1204,0.18282500000000002,24.096385542168676,63.0,0.0877,0.1314,0.1945
measurement_558,558,0.0,0.0,0.0,412,317,366,400,0,16.839584996009577,2.495201535508637,857.0,16.666666666666664,975.0,1.1829,1.5269,1.8156,19.27710843373494,67.0,1.1635,1.6066,1.8156
measurement_058,58,0.0,0.0,0.0,412,317,359,385,0,0.23942537909018355,1.52,155.0,0.17094017094017094,1168.0,0.9466,0.9492,0.9518249999999999,1.2048192771084338,82.0,0.945325,0.9495,0.951175
measurement_073,73,0.00032378073340518225,0.0,0.0,380,317,372,385,0,50.59856344772547,2.5848142164781907,619.0,51.70940170940172,565.0,145.3508,151.8301,157.8055,34.93975903614458,54.0,143.7434,152.50245,160.33802500000002
measurement_199,199,0.00031875540993770004,-4.998457196814243e-07,0.00011555640519873591,381,406,248,435,0,0.3192338387869114,1.921537229783827,690.0,0.3418803418803419,1166.0,0.29125,0.4175,0.7104999999999999,0.0,83.0,0.296,0.459,0.716
measurement_107,107,0.0012668298711973282,-1.0081080935431253e-05,0.00020871212185758395,212,407,174,443,0,0.39904229848363926,7.612179487179486,169.0,0.4273504273504274,1165.0,-0.001,0.0001,0.0016,0.0,83.0,-0.001,0.0001,0.0013
measurement_031,31,0.0009977747189254527,-1.1966419716213928e-05,0.00010611355114055036,260,408,241,430,0,0.1596169193934557,0.6394884092725819,750.0,0.08547008547008547,1169.0,0.1607,0.1866,0.2062,1.2048192771084338,82.0,0.162375,0.191,0.212925
measurement_041,41,0.0019242978288448107,-1.2439546445741633e-05,0.0001318706719655016,155,409,231,423,0,1.3567438148443736,21.601941747572813,282.0,1.452991452991453,1153.0,75.34,78.33,80.28,0.0,83.0,64.755,77.24,79.25999999999999
measurement_569,569,0.0007673148077563624,-1.6823415465450076e-05,0.0001272966371141055,303,410,252,444,0,17.557861133280127,3.6786060019361084,716.0,17.094017094017094,970.0,1.8844,1.9871500000000002,2.9438,24.096385542168676,63.0,1.8844,2.1622,3.3083
measurement_410,410,0.0011335987757205327,-2.4262610813430284e-05,5.93951256724093e-05,238,411,272,430,0,0.3192338387869114,0.0,1240.0,0.3418803418803419,1166.0,2.99425,4.51585,5.972049999999999,0.0,83.0,3.2209000000000003,4.8645,6.20545
measurement_110,110,0.0006956723991252253,-2.608670447630246e-05,5.8331644517960345e-05,316,412,340,421,0,64.56504389465283,0.45045045045045046,92.0,64.01709401709401,421.0,0.9789,0.9811,0.9824,72.28915662650603,23.0,0.9778,0.9806,0.98125
measurement_085,85,0.0004239628090562997,-2.608670447630246e-05,5.8331644517960345e-05,370,412,375,422,0,0.8778930566640064,0.966183574879227,173.0,0.9401709401709402,1159.0,0.12975,0.1329,0.1363,0.0,83.0,0.13,0.1335,0.13624999999999998
measurement_203,203,0.0005738779015759322,-3.0419782109447625e-05,0.00015692903131577133,342,414,225,438,0,0.39904229848363926,2.564102564102564,1196.0,0.4273504273504274,1165.0,6.029,8.394,11.913,0.0,83.0,6.4704999999999995,8.805,11.8835
measurement_224,224,0.00018354343873308858,-3.256268316509381e-05,7.281237308693775e-05,399,415,310,438,0,0.0,1.675977653631285,836.0,0.0,1170.0,95.061375,120.53295,144.9377,0.0,83.0,95.80064999999999,119.1976,139.94344999999998
measurement_226,226,0.0005400702780428646,-3.256268316509381e-05,7.281237308693776e-05,349,415,308,440,0,3.2721468475658417,2.8052805280528053,1186.0,3.5042735042735043,1129.0,706.0996,957.7998,1245.4004,0.0,83.0,764.8501,988.7002,1248.3496
measurement_268,268,0.0012752818036093894,-3.31852953497469e-05,0.00014081787061851029,210,417,258,439,0,0.5586592178770949,0.0,283.0,0.5982905982905984,1163.0,0.044,0.0711,0.0916,0.0,83.0,0.0361,0.0692,0.09165000000000001
measurement_096,96,0.0003651674701518689,-3.5780167080901035e-05,7.351691659545495e-05,376,418,276,420,0,0.39904229848363926,3.3653846153846154,12.0,0.4273504273504274,1165.0,0.0,0.0,0.0001,0.0,83.0,0.0,0.0001,0.0002
measurement_246,246,0.0010077128512983168,-3.890327454971754e-05,0.00016429765680721174,257,419,237,446,0,64.56504389465283,9.00900900900901,438.0,64.01709401709401,421.0,0.9236,1.2098,1.8211,72.28915662650603,23.0,0.8043,0.9641,1.32155
measurement_021,21,0.0008599917308742822,-4.543441898392508e-05,0.00023493554912057984,285,420,216,451,0,0.0,1.9154030327214684,511.0,0.0,1170.0,1.3966,1.4061,1.4144,0.0,83.0,1.3973499999999999,1.4065,1.4189500000000002
measurement_013,13,0.000754377477813711,-4.6187555270194025e-05,6.324491474375472e-05,308,421,273,426,0,0.1596169193934557,0.7194244604316548,1239.0,0.17094017094017094,1168.0,198.1225,199.47315,201.9875,0.0,83.0,198.48435,199.7563,201.74915
measurement_295,295,0.0008980260752647812,-5.1578167436105995e-05,7.499242752821075e-05,278,422,261,425,0,0.1596169193934557,8.633093525179856,1250.0,0.08547008547008547,1169.0,184.1256,277.4539,430.387,1.2048192771084338,82.0,205.588375,317.73505,465.55955
measurement_185,185,0.0006176990826153544,-5.2787213763783036e-05,0.00011803579831863139,334,423,313,450,0,0.07980845969672785,2.8753993610223643,903.0,0.08547008547008547,1169.0,0.1026,0.1338,0.1693,0.0,83.0,0.09865,0.1312,0.16799999999999998
measurement_072,72,0.0013111563078805415,-5.633028886751212e-05,0.00010862335636892045,207,424,252,436,0,0.3192338387869114,7.686148919135308,1246.0,0.3418803418803419,1166.0,88.17587499999999,102.9653,115.748875,0.0,83.0,85.1962,100.6795,112.8982
measurement_336,336,0.001749528396642538,-5.6796880879428356e-05,0.00013426068154763246,168,425,265,433,0,0.3192338387869114,11.369095276220976,1227.0,0.3418803418803419,1166.0,2.025575,2.524,3.354025,0.0,83.0,2.1734999999999998,2.5631,3.3472999999999997
measurement_042,42,0.0024363060857990654,-5.769018242931523e-05,0.00026766248891027376,111,426,182,452,0,1.3567438148443736,12.216828478964402,307.0,1.452991452991453,1153.0,2.69,3.074,3.483,0.0,83.0,2.6435,3.182,4.02
measurement_312,312,0.0007443023490640758,-5.8009817045956424e-05,7.943321338204508e-05,310,427,277,436,0,0.0,0.3192338387869114,271.0,0.0,1170.0,0.0796,0.0995,0.1165,0.0,83.0,0.07985,0.0989,0.11604999999999999
measurement_049,49,0.0015144871594932302,-5.8649387641396264e-05,8.112083391467899e-05,191,428,360,441,0,0.07980845969672785,0.4792332268370607,1201.0,0.08547008547008547,1169.0,136.9364,140.1055,143.2936,0.0,83.0,136.5541,139.3945,142.5
measurement_027,27,0.00037489715188943697,-6.503198443374991e-05,7.33737459171137e-05,374,429,396,437,0,0.1596169193934557,2.158273381294964,562.0,0.08547008547008547,1169.0,1.9058,1.9865,2.0032,1.2048192771084338,82.0,1.94865,1.9875,2.00245
measurement_274,274,0.0007476964509270468,-6.789639681612503e-05,0.00015985965942358132,309,430,243,446,0,0.8778930566640064,5.797101449275362,477.0,0.9401709401709402,1159.0,18.2471,19.5999,22.21045,0.0,83.0,18.5165,19.6394,21.34765
measurement_318,318,0.0007623814403884961,-6.928133290529104e-05,6.324491474375471e-05,306,431,279,427,0,0.07980845969672785,0.7188498402555911,977.0,0.08547008547008547,1169.0,0.1195,0.1649,0.2186,0.0,83.0,0.10635,0.1524,0.19445
measurement_454,454,0.002865985366449737,-7.519628420320501e-05,0.0004081164378393189,93,432,151,457,0,0.07980845969672785,0.5591054313099041,1245.0,0.08547008547008547,1169.0,3.7822,5.2716,6.9861,0.0,83.0,3.4283,4.6818,6.1213999999999995
measurement_146,146,0.0008138703087644782,-7.903307995160702e-05,0.00011566464457432491,290,433,327,436,0,0.1596169193934557,4.796163069544365,593.0,0.17094017094017094,1168.0,0.048375,0.0586,0.0721,0.0,83.0,0.0461,0.0591,0.06985
measurement_350,350,0.0002422831052066018,-8.349739016688673e-05,0.00010970723291989604,390,434,301,447,0,1.7557861133280128,4.467912266450041,343.0,1.8803418803418803,1148.0,0.0196,0.024,0.0286,0.0,83.0,0.0196,0.0236,0.028450000000000003
measurement_310,310,0.0011527024822493876,-8.821914396528463e-05,8.281967470377853e-05,232,435,276,441,0,0.0,1.1971268954509178,283.0,0.0,1170.0,0.1131,0.12945,0.1476,0.0,83.0,0.11760000000000001,0.1313,0.1467
measurement_273,273,0.00768099655051462,-8.919095108106401e-05,0.0010195319971565116,19,436,62,464,0,0.23942537909018355,0.16,1248.0,0.2564102564102564,1167.0,26.711550000000003,39.9752,54.0308,0.0,83.0,33.334999999999994,46.4683,56.694
measurement_106,106,0.0022668141577558095,-9.203614644706092e-05,0.00015840815670352274,125,437,217,443,0,0.39904229848363926,5.368589743589744,166.0,0.4273504273504274,1165.0,-0.0019,-0.0003,0.0011,0.0,83.0,-0.0017499999999999998,-0.0002,0.0007999999999999999
measurement_208,208,0.0010354617297217957,-0.00010734062741284412,0.00010770111490861591,254,438,312,451,0,0.3192338387869114,1.921537229783827,888.0,0.3418803418803419,1166.0,16.47,19.74,22.427500000000002,0.0,83.0,17.64,20.24,23.09
measurement_124,124,0.0011378307706608373,-0.00011310143004523709,6.354051906349842e-05,235,439,352,439,0,0.6384676775738228,0.7228915662650602,50.0,0.6837606837606838,1162.0,15.76,15.83,15.9,0.0,83.0,15.785,15.85,15.915
measurement_394,394,0.0015245776986972926,-0.00011454621123869746,0.00015839063671803266,189,440,218,447,0,0.0,0.23942537909018355,835.0,0.0,1170.0,0.1036,0.13415,0.160825,0.0,83.0,0.11445,0.1346,0.15615
measurement_009,9,0.0015928724962910744,-0.00011618909865034333,0.00011979284496546062,181,441,258,455,0,0.1596169193934557,0.3996802557953637,1032.0,0.17094017094017094,1168.0,1.4101499999999998,1.4633500000000002,1.5186,0.0,83.0,1.4367,1.468,1.5064000000000002
measurement_186,186,0.00017718483849895768,-0.00011729877528279253,0.00012320700617980232,400,442,326,451,0,0.07980845969672785,2.635782747603834,678.0,0.08547008547008547,1169.0,5.4,6.78,8.64,0.0,83.0,5.59,6.64,8.26
measurement_054,54,0.00023401460164462109,-0.00012078182713037844,0.00011991268556832355,393,443,361,444,0,0.23942537909018355,2.56,148.0,0.17094017094017094,1168.0,4.574,4.596,4.61625,1.2048192771084338,82.0,4.575,4.598,4.6135
measurement_143,143,0.0003268950493905424,-0.00012382591309829661,0.00012046339129729035,379,444,341,445,0,0.8778930566640064,4.26731078904992,352.0,0.9401709401709402,1159.0,5.11,6.27,7.535,0.0,83.0,4.949999999999999,6.49,7.425
measurement_446,446,0.0012656081330839355,-0.00014274590916365514,0.00013818513541720957,213,445,324,454,0,0.0,0.0,322.0,0.0,1170.0,0.5534,0.6504,0.7457,0.0,83.0,0.5852999999999999,0.6525,0.7622
measurement_189,189,0.0012286620260417301,-0.0001437212092844975,0.00029799813767488414,220,446,207,460,0,0.07980845969672785,0.23961661341853036,1241.0,0.08547008547008547,1169.0,24.287,40.408,57.828,0.0,83.0,29.423000000000002,48.896,57.364
measurement_447,447,0.002520602550193628,-0.00014961803395827645,0.00023732952730519025,106,447,190,455,0,0.0,1.8355945730247407,330.0,0.0,1170.0,1.0465,1.1629,1.2723,0.0,83.0,1.1065,1.208,1.29075
measurement_389,389,0.0007136496853850278,-0.0001585585096211206,0.00012700587542076604,314,448,313,454,0,0.0,1.675977653631285,1250.0,0.0,1170.0,24.038125,32.297250000000005,42.137225,0.0,83.0,25.366,32.8346,44.12765
measurement_313,313,0.0014071519403743861,-0.00016667105470373754,0.00020390154438037906,200,449,244,456,0,0.0,13.806863527533919,300.0,0.0,1170.0,0.09025,0.1212,0.1588,0.0,83.0,0.09395,0.1187,0.1595
measurement_128,128,0.00198828674410368,-0.00018681659756432102,0.0005258468028395312,148,450,161,463,0,0.6384676775738228,1.2048192771084338,315.0,0.6837606837606838,1162.0,0.5516,0.6586,0.7242,0.0,83.0,0.5438000000000001,0.606,0.6791499999999999
measurement_201,201,0.0018260292360989295,-0.00021034358065274983,0.00015915110215515674,162,451,327,454,0,0.39904229848363926,1.4423076923076923,854.0,0.4273504273504274,1165.0,14.14,17.28,20.19,0.0,83.0,15.7,17.75,20.619999999999997
measurement_141,141,0.0004695791419353366,-0.0002143228078483883,0.00021173731839283026,361,452,344,456,0,0.8778930566640064,3.3011272141706924,459.0,0.9401709401709402,1159.0,0.1318,0.2456,0.44555,0.0,83.0,0.1311,0.2062,0.4158
measurement_284,284,0.0003291996509364019,-0.00021473160939400326,5.748034153728825e-05,378,453,430,448,0,0.1596169193934557,1.2789768185451638,1215.0,0.17094017094017094,1168.0,2.2208,2.6654999999999998,3.1408,0.0,83.0,1.9672,2.5071,3.1694
measurement_559,559,0.0015980046465403183,-0.00023480566928741898,0.00024297724813647555,180,454,362,460,0,0.07980845969672785,8.706070287539937,338.0,0.08547008547008547,1169.0,0.9552,0.9721,1.0008,0.0,83.0,0.9588,0.9772,0.99515
measurement_392,392,0.0005241127806264608,-0.00023950765088722736,0.00014789595888579064,353,455,305,453,0,1.7557861133280128,2.5995125913891144,170.0,1.8803418803418803,1148.0,0.0083,0.0101,0.012425,0.0,83.0,0.0083,0.01,0.011300000000000001
measurement_089,89,0.0015090473884750058,-0.00025599717127018363,0.00028181156850249435,192,456,232,458,0,0.0,2.3942537909018355,836.0,0.0,1170.0,1776.6976,1809.89155,1840.73725,0.0,83.0,1784.6442499999998,1816.1957,1850.5304
measurement_272,272,0.004503399772679924,-0.0002620278737789361,0.0003490728415964105,56,457,225,461,0,0.3192338387869114,0.08006405124099279,1248.0,0.3418803418803419,1166.0,30.130375,46.005849999999995,59.59385,0.0,83.0,33.0766,49.0532,63.3827
measurement_288,288,0.0005126438886765962,-0.0002777921789945292,0.00016709996065680943,356,458,284,458,0,0.1596169193934557,7.3541167066346915,910.0,0.17094017094017094,1168.0,0.115075,0.13815,0.19267499999999999,0.0,83.0,0.11624999999999999,0.1514,0.25805
measurement_289,289,0.0046784618416557235,-0.000285827877192113,0.0004117502861809193,50,459,259,462,0,0.1596169193934557,0.9592326139088728,84.0,0.17094017094017094,1168.0,0.0024,0.0036,0.0049,0.0,83.0,0.0023,0.0045,0.00545
measurement_280,280,0.0007739767080580029,-0.0004275291392085379,0.0004440430979996981,298,460,410,463,0,0.1596169193934557,7.194244604316546,496.0,0.17094017094017094,1168.0,0.0282,0.0372,0.046,0.0,83.0,0.0265,0.0336,0.04165
measurement_123,123,0.0049459742744613466,-0.0005256067426141486,0.0002648443104581042,42,461,415,461,0,0.6384676775738228,1.3654618473895583,301.0,0.6837606837606838,1162.0,3.208,3.916,4.41,0.0,83.0,3.093,3.566,4.1845
measurement_478,478,0.014708291864429112,-0.0006373854742521168,0.0007401967857371358,6,462,223,465,0,0.3192338387869114,4.2433947157726175,1232.0,0.3418803418803419,1166.0,4.074249999999999,5.1693,6.525824999999999,0.0,83.0,4.3648,5.9828,8.828199999999999
measurement_206,206,0.008498427746804265,-0.0007473552054459099,0.0004389287962050517,15,463,452,466,0,0.3192338387869114,4.403522818254603,740.0,0.3418803418803419,1166.0,5.98,7.58,9.65,0.0,83.0,6.52,8.79,13.095
measurement_386,386,0.0059429378069852596,-0.0008688618995354557,0.00018454753354319595,33,464,459,464,0,45.570630486831604,12.463343108504398,211.0,46.666666666666664,624.0,0.0053,0.0067,0.011125,30.120481927710845,58.0,0.006125,0.009049999999999999,0.017475
measurement_520,520,0.00986907037294067,-0.0011971616225303849,0.0007428546981916158,13,465,454,466,0,45.570630486831604,13.929618768328444,670.0,46.666666666666664,624.0,4.096075,5.64165,10.894549999999999,30.120481927710845,58.0,5.643800000000001,9.269,18.0926
measurement_248,248,0.019502410357890288,-0.0015768820976878484,0.0013238274678055411,5,466,418,468,0,45.570630486831604,13.929618768328444,427.0,46.666666666666664,624.0,0.019,0.0262,0.05085,30.120481927710845,58.0,0.026475,0.04345,0.082625
measurement_342,342,0.008591465275844198,-0.0016148570262823903,0.00032645295308277245,14,467,465,468,0,0.3192338387869114,3.522818254603683,1216.0,0.3418803418803419,1166.0,1.8878,2.35855,2.91095,0.0,83.0,2.0079000000000002,2.6755,3.7529500000000002
measurement_060,60,0.04957653008070558,-0.002308272696941005,0.0013603283762978649,1,468,465,468,0,0.39904229848363926,13.141025641025642,1207.0,0.4273504273504274,1165.0,-1.9827,0.7355,3.7555,0.0,83.0,1.66955,5.8091,15.9841
